{
    "Mark Rutte Algemene Zaken Minister-president, minister van Algemene Zaken": {
        "foaf_name": "Mark Rutte",
        "foaf_function_type": "Minister-president, minister van Algemene Zaken",
        "dc_publisher_name": "Algemene Zaken",
        "foaf_firstName": "Mark",
        "foaf_lastName": "Rutte",
        "foaf_initials": "M.",
        "website": "https://www.rijksoverheid.nl/ministeries/ministerie-van-algemene-zaken",
        "foi_linkedin": "https://nl.linkedin.com/in/mark-rutte",
        "foi_twitter": "",
        "foi_wikipedia": "https://nl.wikipedia.org/wiki/Mark_Rutte",
        "foaf_workplaceHomepage": "",
        "foi_party": "VVD",
        "up_to_date": true
    },
    "Wopke Hoekstra Buitenlandse Zaken Minister van Buitenlandse Zaken, viceminister-president": {
        "foaf_name": "Wopke Hoekstra",
        "foaf_function_type": "Minister van Buitenlandse Zaken, viceminister-president",
        "dc_publisher_name": "Buitenlandse Zaken",
        "foaf_firstName": "Wopke",
        "foaf_lastName": "Hoekstra",
        "foaf_initials": "W.B.",
        "website": "https://www.rijksoverheid.nl/ministeries/ministerie-van-buitenlandse-zaken",
        "foi_linkedin": "https://nl.linkedin.com/in/wopke-hoekstra",
        "foi_twitter": "",
        "foi_wikipedia": "https://nl.wikipedia.org/wiki/Wopke_Hoekstra",
        "foaf_workplaceHomepage": "",
        "foi_party": "CDA",
        "up_to_date": true
    },
    "Liesje Schreinemacher Buitenlandse Zaken Minister voor Buitenlandse Handel en Ontwikkelingssamenwerking": {
        "foaf_name": "Liesje Schreinemacher",
        "foaf_function_type": "Minister voor Buitenlandse Handel en Ontwikkelingssamenwerking",
        "dc_publisher_name": "Buitenlandse Zaken",
        "foaf_firstName": "Liesje",
        "foaf_lastName": "Schreinemacher",
        "foaf_initials": "E.N.A.J.",
        "website": "https://www.rijksoverheid.nl/ministeries/ministerie-van-buitenlandse-zaken",
        "foi_linkedin": "https://nl.linkedin.com/in/liesje-schreinemacher",
        "foi_twitter": "https://twitter.com/lschreinemacher",
        "foi_wikipedia": "https://nl.wikipedia.org/wiki/Liesje_Schreinemacher",
        "foaf_workplaceHomepage": "",
        "foi_party": "VVD",
        "up_to_date": true
    },
    "Paul Huijts Buitenlandse Zaken Secretaris-generaal": {
        "foaf_name": "Paul Huijts",
        "foaf_function_type": "Secretaris-generaal",
        "dc_publisher_name": "Buitenlandse Zaken",
        "foaf_firstName": "Paul",
        "foaf_lastName": "Huijts",
        "foaf_initials": "P.H.A.M.",
        "website": "https://www.rijksoverheid.nl/ministeries/ministerie-van-buitenlandse-zaken",
        "foi_linkedin": "https://nl.linkedin.com/in/paulhuijts",
        "foi_twitter": "",
        "foi_wikipedia": "https://nl.wikipedia.org/wiki/Paul_Huijts",
        "foaf_workplaceHomepage": "",
        "foi_party": "",
        "up_to_date": true
    },
    "Kajsa Ollongren Defensie Minister": {
        "foaf_name": "Kajsa Ollongren",
        "foaf_function_type": "Minister",
        "dc_publisher_name": "Defensie",
        "foaf_firstName": "Kajsa",
        "foaf_lastName": "Ollongren",
        "foaf_initials": "K.H.",
        "website": "https://www.defensie.nl",
        "foi_linkedin": "https://nl.linkedin.com/in/kajsa-ollongren-219a07105",
        "foi_twitter": "",
        "foi_wikipedia": "https://nl.wikipedia.org/wiki/Kajsa_Ollongren",
        "foaf_workplaceHomepage": "",
        "foi_party": "D66",
        "up_to_date": true
    },
    "Christophe van der Maat Defensie Staatssecretaris": {
        "foaf_name": "Christophe van der Maat",
        "foaf_function_type": "Staatssecretaris",
        "dc_publisher_name": "Defensie",
        "foaf_firstName": "Christophe",
        "foaf_lastName": "van der Maat",
        "foaf_initials": "Ch.A.",
        "website": "https://www.defensie.nl",
        "foi_linkedin": "",
        "foi_twitter": "",
        "foi_wikipedia": "https://nl.wikipedia.org/wiki/Christophe_van_der_Maat",
        "foaf_workplaceHomepage": "",
        "foi_party": "VVD",
        "up_to_date": true
    },
    "Gea van Craaikamp Defensie Secretaris-generaal": {
        "foaf_name": "Gea van Craaikamp",
        "foaf_function_type": "Secretaris-generaal",
        "dc_publisher_name": "Defensie",
        "foaf_firstName": "Gea",
        "foaf_lastName": "van Craaikamp",
        "foaf_initials": "G.E.A.",
        "website": "https://www.defensie.nl",
        "foi_linkedin": "https://nl.linkedin.com/in/gea-van-craaikamp-82513145",
        "foi_twitter": "",
        "foi_wikipedia": "",
        "foaf_workplaceHomepage": "",
        "foi_party": "",
        "up_to_date": true
    },
    "Marc Gazenbeek Defensie Plaatsvervangend secretaris-generaal": {
        "foaf_name": "Marc Gazenbeek",
        "foaf_function_type": "Plaatsvervangend secretaris-generaal",
        "dc_publisher_name": "Defensie",
        "foaf_firstName": "Marc",
        "foaf_lastName": "Gazenbeek",
        "foaf_initials": "M.",
        "website": "https://www.defensie.nl",
        "foi_linkedin": "https://nl.linkedin.com/in/marc-gazenbeek-a2a70717",
        "foi_twitter": "",
        "foi_wikipedia": "",
        "foaf_workplaceHomepage": "",
        "foi_party": "",
        "up_to_date": true
    },
    "Ernst Kuipers Volksgezondheid, Welzijn en Sport Minister van Volksgezondheid, Welzijn en Sport": {
        "foaf_name": "Ernst Kuipers",
        "foaf_function_type": "Minister van Volksgezondheid, Welzijn en Sport",
        "dc_publisher_name": "Volksgezondheid, Welzijn en Sport",
        "foaf_firstName": "Ernst",
        "foaf_lastName": "Kuipers",
        "foaf_initials": "E.J.",
        "website": "https://www.rijksoverheid.nl/ministeries/ministerie-van-volksgezondheid-welzijn-en-sport",
        "foi_linkedin": "https://nl.linkedin.com/in/ernst-kuipers",
        "foi_twitter": "",
        "foi_wikipedia": "https://nl.wikipedia.org/wiki/Ernst_Kuipers",
        "foaf_workplaceHomepage": "",
        "foi_party": "",
        "up_to_date": true
    },
    "Conny Helder Volksgezondheid, Welzijn en Sport Minister voor Langdurige Zorg en Sport": {
        "foaf_name": "Conny Helder",
        "foaf_function_type": "Minister voor Langdurige Zorg en Sport",
        "dc_publisher_name": "Volksgezondheid, Welzijn en Sport",
        "foaf_firstName": "Conny",
        "foaf_lastName": "Helder",
        "foaf_initials": "C.",
        "website": "https://www.rijksoverheid.nl/ministeries/ministerie-van-volksgezondheid-welzijn-en-sport",
        "foi_linkedin": "https://nl.linkedin.com/in/conny-helder/en",
        "foi_twitter": "",
        "foi_wikipedia": "https://nl.wikipedia.org/wiki/Conny_Helder",
        "foaf_workplaceHomepage": "",
        "foi_party": "",
        "up_to_date": true
    },
    "Maarten van Ooijen Volksgezondheid, Welzijn en Sport Staatssecretaris van Volksgezondheid, Welzijn en Sport": {
        "foaf_name": "Maarten van Ooijen",
        "foaf_function_type": "Staatssecretaris van Volksgezondheid, Welzijn en Sport",
        "dc_publisher_name": "Volksgezondheid, Welzijn en Sport",
        "foaf_firstName": "Maarten",
        "foaf_lastName": "van Ooijen",
        "foaf_initials": "M.",
        "website": "https://www.rijksoverheid.nl/ministeries/ministerie-van-volksgezondheid-welzijn-en-sport",
        "foi_linkedin": "https://nl.linkedin.com/in/maarten-van-ooijen",
        "foi_twitter": "",
        "foi_wikipedia": "https://nl.wikipedia.org/wiki/Maarten_van_Ooijen",
        "foaf_workplaceHomepage": "",
        "foi_party": "",
        "up_to_date": true
    },
    "Bart van den Brink Volksgezondheid, Welzijn en Sport Politiek adviseur Minister van VWS": {
        "foaf_name": "Bart van den Brink",
        "foaf_function_type": "Politiek adviseur Minister van VWS",
        "dc_publisher_name": "Volksgezondheid, Welzijn en Sport",
        "foaf_firstName": "Bart",
        "foaf_lastName": "van den Brink",
        "foaf_initials": "B.",
        "website": "https://www.rijksoverheid.nl/ministeries/ministerie-van-volksgezondheid-welzijn-en-sport",
        "foi_linkedin": "https://nl.linkedin.com/in/bart-van-den-brink-1bb7905",
        "foi_twitter": "",
        "foi_wikipedia": "https://nl.wikipedia.org/wiki/Bart_van_den_Brink",
        "foaf_workplaceHomepage": "",
        "foi_party": "",
        "up_to_date": true
    },
    "Lilianne de Regt Volksgezondheid, Welzijn en Sport Politiek adviseur Minister voor Langdurige Zorg en Sport": {
        "foaf_name": "Lilianne de Regt",
        "foaf_function_type": "Politiek adviseur Minister voor Langdurige Zorg en Sport",
        "dc_publisher_name": "Volksgezondheid, Welzijn en Sport",
        "foaf_firstName": "Lilianne",
        "foaf_lastName": "de Regt",
        "foaf_initials": "L.H.",
        "website": "https://www.rijksoverheid.nl/ministeries/ministerie-van-volksgezondheid-welzijn-en-sport",
        "foi_linkedin": "https://nl.linkedin.com/in/lilianne-de-regt-7b458052",
        "foi_twitter": "",
        "foi_wikipedia": "",
        "foaf_workplaceHomepage": "",
        "foi_party": "",
        "up_to_date": true
    },
    "Herman Smits Volksgezondheid, Welzijn en Sport Politiek adviseur Staatssecretaris van VWS": {
        "foaf_name": "Herman Smits",
        "foaf_function_type": "Politiek adviseur Staatssecretaris van VWS",
        "dc_publisher_name": "Volksgezondheid, Welzijn en Sport",
        "foaf_firstName": "Herman",
        "foaf_lastName": "Smits",
        "foaf_initials": "H.D.",
        "website": "https://www.rijksoverheid.nl/ministeries/ministerie-van-volksgezondheid-welzijn-en-sport",
        "foi_linkedin": "https://nl.linkedin.com/in/herman-smits-730bb528",
        "foi_twitter": "",
        "foi_wikipedia": "",
        "foaf_workplaceHomepage": "",
        "foi_party": "",
        "up_to_date": true
    },
    "Mirthe Stoeckart Volksgezondheid, Welzijn en Sport Secretariaat Minister van VWS": {
        "foaf_name": "Mirthe Stoeckart",
        "foaf_function_type": "Secretariaat Minister van VWS",
        "dc_publisher_name": "Volksgezondheid, Welzijn en Sport",
        "foaf_firstName": "Mirthe",
        "foaf_lastName": "Stoeckart",
        "foaf_initials": "M.",
        "website": "https://www.rijksoverheid.nl/ministeries/ministerie-van-volksgezondheid-welzijn-en-sport",
        "foi_linkedin": "https://nl.linkedin.com/in/mirthe-stoeckart-1251a66a",
        "foi_twitter": "",
        "foi_wikipedia": "",
        "foaf_workplaceHomepage": "",
        "foi_party": "",
        "up_to_date": true
    },
    "Lieteke Lodder Volksgezondheid, Welzijn en Sport Secretariaat Minister voor Langdurige Zorg en Sport": {
        "foaf_name": "Lieteke Lodder",
        "foaf_function_type": "Secretariaat Minister voor Langdurige Zorg en Sport",
        "dc_publisher_name": "Volksgezondheid, Welzijn en Sport",
        "foaf_firstName": "Lieteke",
        "foaf_lastName": "Lodder",
        "foaf_initials": "E.",
        "website": "https://www.rijksoverheid.nl/ministeries/ministerie-van-volksgezondheid-welzijn-en-sport",
        "foi_linkedin": "https://nl.linkedin.com/in/e-lieteke-lodder-b6aaa4133",
        "foi_twitter": "",
        "foi_wikipedia": "",
        "foaf_workplaceHomepage": "",
        "foi_party": "",
        "up_to_date": true
    },
    "Ashna Kalpoe Volksgezondheid, Welzijn en Sport Secretariaat Staatssecretaris van VWS": {
        "foaf_name": "Ashna Kalpoe",
        "foaf_function_type": "Secretariaat Staatssecretaris van VWS",
        "dc_publisher_name": "Volksgezondheid, Welzijn en Sport",
        "foaf_firstName": "Ashna",
        "foaf_lastName": "Kalpoe",
        "foaf_initials": "A.A.",
        "website": "https://www.rijksoverheid.nl/ministeries/ministerie-van-volksgezondheid-welzijn-en-sport",
        "foi_linkedin": "https://nl.linkedin.com/in/ashna-kalpoe-04601718",
        "foi_twitter": "",
        "foi_wikipedia": "",
        "foaf_workplaceHomepage": "",
        "foi_party": "",
        "up_to_date": true
    },
    "Marcelis Boereboom Volksgezondheid, Welzijn en Sport Secretaris-generaal": {
        "foaf_name": "Marcelis Boereboom",
        "foaf_function_type": "Secretaris-generaal",
        "dc_publisher_name": "Volksgezondheid, Welzijn en Sport",
        "foaf_firstName": "Marcelis",
        "foaf_lastName": "Boereboom",
        "foaf_initials": "M.J.",
        "website": "https://www.rijksoverheid.nl/ministeries/ministerie-van-volksgezondheid-welzijn-en-sport",
        "foi_linkedin": "",
        "foi_twitter": "",
        "foi_wikipedia": "https://nl.wikipedia.org/wiki/Marcelis_Boereboom",
        "foaf_workplaceHomepage": "",
        "foi_party": "",
        "up_to_date": true
    },
    "Abigail Norville Volksgezondheid, Welzijn en Sport Plaatsvervangend secretaris-generaal": {
        "foaf_name": "Abigail Norville",
        "foaf_function_type": "Plaatsvervangend secretaris-generaal",
        "dc_publisher_name": "Volksgezondheid, Welzijn en Sport",
        "foaf_firstName": "Abigail",
        "foaf_lastName": "Norville",
        "foaf_initials": "A.I.",
        "website": "https://www.rijksoverheid.nl/ministeries/ministerie-van-volksgezondheid-welzijn-en-sport",
        "foi_linkedin": "https://nl.linkedin.com/in/abigailnorville",
        "foi_twitter": "",
        "foi_wikipedia": "",
        "foaf_workplaceHomepage": "",
        "foi_party": "",
        "up_to_date": true
    },
    "Nicole Groeneveld Volksgezondheid, Welzijn en Sport Secretariaat secretaris-generaal": {
        "foaf_name": "Nicole Groeneveld",
        "foaf_function_type": "Secretariaat secretaris-generaal",
        "dc_publisher_name": "Volksgezondheid, Welzijn en Sport",
        "foaf_firstName": "Nicole",
        "foaf_lastName": "Groeneveld",
        "foaf_initials": "N.",
        "website": "https://www.rijksoverheid.nl/ministeries/ministerie-van-volksgezondheid-welzijn-en-sport",
        "foi_linkedin": "",
        "foi_twitter": "",
        "foi_wikipedia": "",
        "foaf_workplaceHomepage": "",
        "foi_party": "",
        "up_to_date": true
    },
    "Shusma Bhikharie Volksgezondheid, Welzijn en Sport Secretariaat plaatsvervangend secretaris-generaal": {
        "foaf_name": "Shusma Bhikharie",
        "foaf_function_type": "Secretariaat plaatsvervangend secretaris-generaal",
        "dc_publisher_name": "Volksgezondheid, Welzijn en Sport",
        "foaf_firstName": "Shusma",
        "foaf_lastName": "Bhikharie",
        "foaf_initials": "S.G.",
        "website": "https://www.rijksoverheid.nl/ministeries/ministerie-van-volksgezondheid-welzijn-en-sport",
        "foi_linkedin": "https://nl.linkedin.com/in/shusma-bechan-bhikharie-413b02200",
        "foi_twitter": "",
        "foi_wikipedia": "",
        "foaf_workplaceHomepage": "",
        "foi_party": "",
        "up_to_date": true
    },
    "Hanke Bruins Slot Binnenlandse Zaken en Koninkrijksrelaties Minister van Binnenlandse Zaken en Koninkrijksrelaties": {
        "foaf_name": "Hanke Bruins Slot",
        "foaf_function_type": "Minister van Binnenlandse Zaken en Koninkrijksrelaties",
        "dc_publisher_name": "Binnenlandse Zaken en Koninkrijksrelaties",
        "foaf_firstName": "Hanke",
        "foaf_lastName": "Bruins Slot",
        "foaf_initials": "H.G.J.",
        "website": "https://www.rijksoverheid.nl/ministeries/ministerie-van-binnenlandse-zaken-en-koninkrijksrelaties",
        "foi_linkedin": "https://nl.linkedin.com/in/hanke-bruins-slot-22b77587",
        "foi_twitter": "https://twitter.com/hankebruinsslot",
        "foi_wikipedia": "https://nl.wikipedia.org/wiki/Hanke_Bruins_Slot",
        "foaf_workplaceHomepage": "",
        "foi_party": "CDA",
        "up_to_date": true
    },
    "Hugo de Jonge Binnenlandse Zaken en Koninkrijksrelaties Minister voor Volkshuisvesting en Ruimtelijke Ordening": {
        "foaf_name": "Hugo de Jonge",
        "foaf_function_type": "Minister voor Volkshuisvesting en Ruimtelijke Ordening",
        "dc_publisher_name": "Binnenlandse Zaken en Koninkrijksrelaties",
        "foaf_firstName": "Hugo",
        "foaf_lastName": "de Jonge",
        "foaf_initials": "H.M.",
        "website": "https://www.rijksoverheid.nl/ministeries/ministerie-van-binnenlandse-zaken-en-koninkrijksrelaties",
        "foi_linkedin": "https://nl.linkedin.com/in/hugo-de-jonge",
        "foi_twitter": "https://twitter.com/hugodejonge/with_replies",
        "foi_wikipedia": "https://nl.wikipedia.org/wiki/Hugo_de_Jonge",
        "foaf_workplaceHomepage": "",
        "foi_party": "CDA",
        "up_to_date": true
    },
    "Alexandra van Huffelen Binnenlandse Zaken en Koninkrijksrelaties Staatssecretaris Koninkrijksrelaties en Digitalisering": {
        "foaf_name": "Alexandra van Huffelen",
        "foaf_function_type": "Staatssecretaris Koninkrijksrelaties en Digitalisering",
        "dc_publisher_name": "Binnenlandse Zaken en Koninkrijksrelaties",
        "foaf_firstName": "Alexandra",
        "foaf_lastName": "van Huffelen",
        "foaf_initials": "A.C.",
        "website": "https://www.rijksoverheid.nl/ministeries/ministerie-van-binnenlandse-zaken-en-koninkrijksrelaties",
        "foi_linkedin": "https://nl.linkedin.com/in/alexandravanhuffelen",
        "foi_twitter": "",
        "foi_wikipedia": "https://nl.wikipedia.org/wiki/Alexandra_van_Huffelen",
        "foaf_workplaceHomepage": "",
        "foi_party": "D66",
        "up_to_date": true
    },
    "Micky Adriaansens Economische Zaken en Klimaat Minister van Economische Zaken en Klimaat": {
        "foaf_name": "Micky Adriaansens",
        "foaf_function_type": "Minister van Economische Zaken en Klimaat",
        "dc_publisher_name": "Economische Zaken en Klimaat",
        "foaf_firstName": "Micky",
        "foaf_lastName": "Adriaansens",
        "foaf_initials": "M.A.M.",
        "website": "https://www.rijksoverheid.nl/ministeries/ministerie-van-economische-zaken-en-klimaat",
        "foi_linkedin": "https://nl.linkedin.com/in/micky-adriaansens",
        "foi_twitter": "",
        "foi_wikipedia": "https://nl.wikipedia.org/wiki/Micky_Adriaansens",
        "foaf_workplaceHomepage": "",
        "foi_party": "VVD",
        "up_to_date": true
    },
    "Rob Jetten Economische Zaken en Klimaat Minister voor Klimaat en Energie": {
        "foaf_name": "Rob Jetten",
        "foaf_function_type": "Minister voor Klimaat en Energie",
        "dc_publisher_name": "Economische Zaken en Klimaat",
        "foaf_firstName": "Rob",
        "foaf_lastName": "Jetten",
        "foaf_initials": "R.A.A.",
        "website": "https://www.rijksoverheid.nl/ministeries/ministerie-van-economische-zaken-en-klimaat",
        "foi_linkedin": "https://nl.linkedin.com/in/rob-jetten",
        "foi_twitter": "",
        "foi_wikipedia": "https://nl.wikipedia.org/wiki/Rob_Jetten",
        "foaf_workplaceHomepage": "",
        "foi_party": "D66",
        "up_to_date": true
    },
    "Hans Vijlbrief Economische Zaken en Klimaat Staatssecretaris Mijnbouw": {
        "foaf_name": "Hans Vijlbrief",
        "foaf_function_type": "Staatssecretaris Mijnbouw",
        "dc_publisher_name": "Economische Zaken en Klimaat",
        "foaf_firstName": "Hans",
        "foaf_lastName": "Vijlbrief",
        "foaf_initials": "J.A.",
        "website": "https://www.rijksoverheid.nl/ministeries/ministerie-van-economische-zaken-en-klimaat",
        "foi_linkedin": "https://nl.linkedin.com/in/hansvijlbrief",
        "foi_twitter": "",
        "foi_wikipedia": "https://nl.wikipedia.org/wiki/Hans_Vijlbrief",
        "foaf_workplaceHomepage": "",
        "foi_party": "D66",
        "up_to_date": true
    },
    "Gerdine Keijzer-Bald\u00e9 Economische Zaken en Klimaat Wnd. secretaris-generaal": {
        "foaf_name": "Gerdine Keijzer-Bald\u00e9",
        "foaf_function_type": "Wnd. secretaris-generaal",
        "dc_publisher_name": "Economische Zaken en Klimaat",
        "foaf_firstName": "Gerdine",
        "foaf_lastName": "Keijzer-Bald\u00e9",
        "foaf_initials": "G.M.",
        "website": "https://www.rijksoverheid.nl/ministeries/ministerie-van-economische-zaken-en-klimaat",
        "foi_linkedin": "https://nl.linkedin.com/in/gerdinekeijzerbalde",
        "foi_twitter": "",
        "foi_wikipedia": "",
        "foaf_workplaceHomepage": "",
        "foi_party": "",
        "up_to_date": true
    },
    "Mark Roscam Abbing Economische Zaken en Klimaat Wnd. Plv. secretaris-generaal": {
        "foaf_name": "Mark Roscam Abbing",
        "foaf_function_type": "Wnd. Plv. secretaris-generaal",
        "dc_publisher_name": "Economische Zaken en Klimaat",
        "foaf_firstName": "Mark",
        "foaf_lastName": "Roscam Abbing",
        "foaf_initials": "M.A.",
        "website": "https://www.rijksoverheid.nl/ministeries/ministerie-van-economische-zaken-en-klimaat",
        "foi_linkedin": "https://nl.linkedin.com/in/markroscamabbing",
        "foi_twitter": "",
        "foi_wikipedia": "",
        "foaf_workplaceHomepage": "",
        "foi_party": "",
        "up_to_date": true
    },
    "Dilan Yesilg\u00f6z-Zegerius Justitie en Veiligheid Minister van Justitie en Veiligheid": {
        "foaf_name": "Dilan Yesilg\u00f6z-Zegerius",
        "foaf_function_type": "Minister van Justitie en Veiligheid",
        "dc_publisher_name": "Justitie en Veiligheid",
        "foaf_firstName": "Dilan",
        "foaf_lastName": "Yesilg\u00f6z-Zegerius",
        "foaf_initials": "D.",
        "website": "https://www.rijksoverheid.nl/ministeries/ministerie-van-justitie-en-veiligheid",
        "foi_linkedin": "https://nl.linkedin.com/in/dilanyesilgoz",
        "foi_twitter": "https://twitter.com/dilanyesilgoz",
        "foi_wikipedia": "https://nl.wikipedia.org/wiki/Dilan_Ye%C5%9Filg%C3%B6z-Zegerius",
        "foaf_workplaceHomepage": "",
        "foi_party": "VVD",
        "up_to_date": true
    },
    "Franc Weerwind Justitie en Veiligheid Minister voor Rechtsbescherming": {
        "foaf_name": "Franc Weerwind",
        "foaf_function_type": "Minister voor Rechtsbescherming",
        "dc_publisher_name": "Justitie en Veiligheid",
        "foaf_firstName": "Franc",
        "foaf_lastName": "Weerwind",
        "foaf_initials": "F.M.",
        "website": "https://www.rijksoverheid.nl/ministeries/ministerie-van-justitie-en-veiligheid",
        "foi_linkedin": "https://nl.linkedin.com/in/franc-weerwind-240a03113",
        "foi_twitter": "",
        "foi_wikipedia": "https://nl.wikipedia.org/wiki/Franc_Weerwind",
        "foaf_workplaceHomepage": "",
        "foi_party": "D66",
        "up_to_date": true
    },
    "Eric van der Burg Justitie en Veiligheid Staatssecretaris Asiel en Migratie": {
        "foaf_name": "Eric van der Burg",
        "foaf_function_type": "Staatssecretaris Asiel en Migratie",
        "dc_publisher_name": "Justitie en Veiligheid",
        "foaf_firstName": "Eric",
        "foaf_lastName": "van der Burg",
        "foaf_initials": "E.",
        "website": "https://www.rijksoverheid.nl/ministeries/ministerie-van-justitie-en-veiligheid",
        "foi_linkedin": "https://nl.linkedin.com/in/ericvanderburg",
        "foi_twitter": "https://twitter.com/ericvanderburg",
        "foi_wikipedia": "https://nl.wikipedia.org/wiki/Eric_van_der_Burg",
        "foaf_workplaceHomepage": "",
        "foi_party": "VVD",
        "up_to_date": true
    },
    "Dick  Schoof Justitie en Veiligheid Secretaris-generaal": {
        "foaf_name": "Dick  Schoof",
        "foaf_function_type": "Secretaris-generaal",
        "dc_publisher_name": "Justitie en Veiligheid",
        "foaf_firstName": "Dick",
        "foaf_lastName": " Schoof",
        "foaf_initials": "D.H.W.M.",
        "website": "https://www.rijksoverheid.nl/ministeries/ministerie-van-justitie-en-veiligheid",
        "foi_linkedin": "",
        "foi_twitter": "",
        "foi_wikipedia": "https://nl.wikipedia.org/wiki/Dick_Schoof",
        "foaf_workplaceHomepage": "",
        "foi_party": "",
        "up_to_date": true
    },
    "Ric de Rooij Justitie en Veiligheid Plaatsvervangend secretaris-generaal": {
        "foaf_name": "Ric de Rooij",
        "foaf_function_type": "Plaatsvervangend secretaris-generaal",
        "dc_publisher_name": "Justitie en Veiligheid",
        "foaf_firstName": "Ric",
        "foaf_lastName": "de Rooij",
        "foaf_initials": "H.J.I.M.",
        "website": "https://www.rijksoverheid.nl/ministeries/ministerie-van-justitie-en-veiligheid",
        "foi_linkedin": "",
        "foi_twitter": "",
        "foi_wikipedia": "",
        "foaf_workplaceHomepage": "",
        "foi_party": "",
        "up_to_date": true
    },
    "Emine \u00d6zyenici Justitie en Veiligheid Hoofddirecteur Bedrijfsvoering, tevens CIO JenV": {
        "foaf_name": "Emine \u00d6zyenici",
        "foaf_function_type": "Hoofddirecteur Bedrijfsvoering, tevens CIO JenV",
        "dc_publisher_name": "Justitie en Veiligheid",
        "foaf_firstName": "Emine",
        "foaf_lastName": "\u00d6zyenici",
        "foaf_initials": "D.E.L.",
        "website": "https://www.rijksoverheid.nl/ministeries/ministerie-van-justitie-en-veiligheid",
        "foi_linkedin": "",
        "foi_twitter": "",
        "foi_wikipedia": "",
        "foaf_workplaceHomepage": "",
        "foi_party": "",
        "up_to_date": true
    },
    "Karien van Gennip Sociale Zaken en Werkgelegenheid Minister van Sociale Zaken en Werkgelegenheid": {
        "foaf_name": "Karien van Gennip",
        "foaf_function_type": "Minister van Sociale Zaken en Werkgelegenheid",
        "dc_publisher_name": "Sociale Zaken en Werkgelegenheid",
        "foaf_firstName": "Karien",
        "foaf_lastName": "van Gennip",
        "foaf_initials": "C.E.G.",
        "website": "https://www.rijksoverheid.nl/ministeries/ministerie-van-sociale-zaken-en-werkgelegenheid",
        "foi_linkedin": "https://nl.linkedin.com/in/karien-van-gennip-b4145331",
        "foi_twitter": "https://twitter.com/karienvangennip",
        "foi_wikipedia": "https://nl.wikipedia.org/wiki/Karien_van_Gennip",
        "foaf_workplaceHomepage": "",
        "foi_party": "CDA",
        "up_to_date": true
    },
    "Carola Schouten Sociale Zaken en Werkgelegenheid Minister voor Armoedebeleid, Participatie en Pensioenen, viceminister-president": {
        "foaf_name": "Carola Schouten",
        "foaf_function_type": "Minister voor Armoedebeleid, Participatie en Pensioenen, viceminister-president",
        "dc_publisher_name": "Sociale Zaken en Werkgelegenheid",
        "foaf_firstName": "Carola",
        "foaf_lastName": "Schouten",
        "foaf_initials": "C.J.",
        "website": "https://www.rijksoverheid.nl/ministeries/ministerie-van-sociale-zaken-en-werkgelegenheid",
        "foi_linkedin": "https://nl.linkedin.com/in/carolaschouten",
        "foi_twitter": "",
        "foi_wikipedia": "https://nl.wikipedia.org/wiki/Carola_Schouten",
        "foaf_workplaceHomepage": "",
        "foi_party": "ChristenUnie",
        "up_to_date": true
    },
    "Loes Mulder Sociale Zaken en Werkgelegenheid Secretaris-generaal": {
        "foaf_name": "Loes Mulder",
        "foaf_function_type": "Secretaris-generaal",
        "dc_publisher_name": "Sociale Zaken en Werkgelegenheid",
        "foaf_firstName": "Loes",
        "foaf_lastName": "Mulder",
        "foaf_initials": "L.",
        "website": "https://www.rijksoverheid.nl/ministeries/ministerie-van-sociale-zaken-en-werkgelegenheid",
        "foi_linkedin": "https://nl.linkedin.com/in/loes-mulder-629b1b1b",
        "foi_twitter": "",
        "foi_wikipedia": "https://nl.wikipedia.org/wiki/Loes_Mulder",
        "foaf_workplaceHomepage": "",
        "foi_party": "",
        "up_to_date": true
    },
    "Krista Kuipers Sociale Zaken en Werkgelegenheid Plaatsvervangend secretaris-generaal": {
        "foaf_name": "Krista Kuipers",
        "foaf_function_type": "Plaatsvervangend secretaris-generaal",
        "dc_publisher_name": "Sociale Zaken en Werkgelegenheid",
        "foaf_firstName": "Krista",
        "foaf_lastName": "Kuipers",
        "foaf_initials": "K.",
        "website": "https://www.rijksoverheid.nl/ministeries/ministerie-van-sociale-zaken-en-werkgelegenheid",
        "foi_linkedin": "https://nl.linkedin.com/in/krista-kuipers-51415029",
        "foi_twitter": "",
        "foi_wikipedia": "",
        "foaf_workplaceHomepage": "",
        "foi_party": "",
        "up_to_date": true
    },
    "Aukje de Vries Financi\u00ebn Staatssecretaris Toeslagen en Douane": {
        "foaf_name": "Aukje de Vries",
        "foaf_function_type": "Staatssecretaris Toeslagen en Douane",
        "dc_publisher_name": "Financi\u00ebn",
        "foaf_firstName": "Aukje",
        "foaf_lastName": "de Vries",
        "foaf_initials": "A.",
        "website": "https://www.rijksoverheid.nl/ministeries/ministerie-van-financien",
        "foi_linkedin": "https://nl.linkedin.com/in/aukjedevries",
        "foi_twitter": "https://twitter.com/aukjedevries",
        "foi_wikipedia": "https://nl.wikipedia.org/wiki/Aukje_de_Vries",
        "foaf_workplaceHomepage": "",
        "foi_party": "VVD",
        "up_to_date": true
    },
    "Bas van den Dungen Financi\u00ebn Secretaris-generaal": {
        "foaf_name": "Bas van den Dungen",
        "foaf_function_type": "Secretaris-generaal",
        "dc_publisher_name": "Financi\u00ebn",
        "foaf_firstName": "Bas",
        "foaf_lastName": "van den Dungen",
        "foaf_initials": "B.E.",
        "website": "https://www.rijksoverheid.nl/ministeries/ministerie-van-financien",
        "foi_linkedin": "https://nl.linkedin.com/in/bas-van-den-dungen",
        "foi_twitter": "https://twitter.com/basvandendungen",
        "foi_wikipedia": "https://nl.wikipedia.org/wiki/Bas_van_den_Dungen",
        "foaf_workplaceHomepage": "",
        "foi_party": "",
        "up_to_date": true
    },
    "Marnix van Rij Financi\u00ebn Staatssecretaris Fiscaliteit en Belastingdienst": {
        "foaf_name": "Marnix van Rij",
        "foaf_function_type": "Staatssecretaris Fiscaliteit en Belastingdienst",
        "dc_publisher_name": "Financi\u00ebn",
        "foaf_firstName": "Marnix",
        "foaf_lastName": "van Rij",
        "foaf_initials": "M.L.A.",
        "website": "https://www.rijksoverheid.nl/ministeries/ministerie-van-financien",
        "foi_linkedin": "https://nl.linkedin.com/in/marnixvanrij",
        "foi_twitter": "",
        "foi_wikipedia": "https://nl.wikipedia.org/wiki/Marnix_van_Rij",
        "foaf_workplaceHomepage": "",
        "foi_party": "CDA",
        "up_to_date": true
    },
    "Sigrid Kaag MPhil Financi\u00ebn Minister, viceminister-president": {
        "foaf_name": "Sigrid Kaag MPhil",
        "foaf_function_type": "Minister, viceminister-president",
        "dc_publisher_name": "Financi\u00ebn",
        "foaf_firstName": "Sigrid",
        "foaf_lastName": "Kaag MPhil",
        "foaf_initials": "S.A.M.",
        "website": "https://www.rijksoverheid.nl/ministeries/ministerie-van-financien",
        "foi_linkedin": "",
        "foi_twitter": "",
        "foi_wikipedia": "",
        "foaf_workplaceHomepage": "",
        "foi_party": "D66",
        "up_to_date": true
    },
    "Robbert Dijkgraaf Onderwijs, Cultuur en Wetenschap Minister van Onderwijs, Cultuur en Wetenschap": {
        "foaf_name": "Robbert Dijkgraaf",
        "foaf_function_type": "Minister van Onderwijs, Cultuur en Wetenschap",
        "dc_publisher_name": "Onderwijs, Cultuur en Wetenschap",
        "foaf_firstName": "Robbert",
        "foaf_lastName": "Dijkgraaf",
        "foaf_initials": "R.H.",
        "website": "https://www.rijksoverheid.nl/ministeries/ministerie-van-onderwijs-cultuur-en-wetenschap",
        "foi_linkedin": "https://nl.linkedin.com/in/robbertdijkgraaf",
        "foi_twitter": "https://twitter.com/rhdijkgraaf",
        "foi_wikipedia": "https://nl.wikipedia.org/wiki/Robbert_Dijkgraaf",
        "foaf_workplaceHomepage": "",
        "foi_party": "D66",
        "up_to_date": true
    },
    "Dennis Wiersma Onderwijs, Cultuur en Wetenschap Minister voor Primair en Voortgezet Onderwijs": {
        "foaf_name": "Dennis Wiersma",
        "foaf_function_type": "Minister voor Primair en Voortgezet Onderwijs",
        "dc_publisher_name": "Onderwijs, Cultuur en Wetenschap",
        "foaf_firstName": "Dennis",
        "foaf_lastName": "Wiersma",
        "foaf_initials": "A.D.",
        "website": "https://www.rijksoverheid.nl/ministeries/ministerie-van-onderwijs-cultuur-en-wetenschap",
        "foi_linkedin": "https://nl.linkedin.com/in/denniswiersma/nl",
        "foi_twitter": "https://twitter.com/denniswiersma",
        "foi_wikipedia": "https://nl.wikipedia.org/wiki/Dennis_Wiersma",
        "foaf_workplaceHomepage": "",
        "foi_party": "VVD",
        "up_to_date": true
    },
    "Gunay Uslu Onderwijs, Cultuur en Wetenschap Staatssecretaris Cultuur en Media": {
        "foaf_name": "Gunay Uslu",
        "foaf_function_type": "Staatssecretaris Cultuur en Media",
        "dc_publisher_name": "Onderwijs, Cultuur en Wetenschap",
        "foaf_firstName": "Gunay",
        "foaf_lastName": "Uslu",
        "foaf_initials": "G.",
        "website": "https://www.rijksoverheid.nl/ministeries/ministerie-van-onderwijs-cultuur-en-wetenschap",
        "foi_linkedin": "https://nl.linkedin.com/in/gunay-uslu",
        "foi_twitter": "https://twitter.com/gunayuslu",
        "foi_wikipedia": "https://nl.wikipedia.org/wiki/Gunay_Uslu",
        "foaf_workplaceHomepage": "",
        "foi_party": "D66",
        "up_to_date": true
    },
    "Marjan Hammersma Onderwijs, Cultuur en Wetenschap Secretaris-generaal": {
        "foaf_name": "Marjan Hammersma",
        "foaf_function_type": "Secretaris-generaal",
        "dc_publisher_name": "Onderwijs, Cultuur en Wetenschap",
        "foaf_firstName": "Marjan",
        "foaf_lastName": "Hammersma",
        "foaf_initials": "M.J.",
        "website": "https://www.rijksoverheid.nl/ministeries/ministerie-van-onderwijs-cultuur-en-wetenschap",
        "foi_linkedin": "",
        "foi_twitter": "",
        "foi_wikipedia": "https://nl.wikipedia.org/wiki/Marjan_Hammersma",
        "foaf_workplaceHomepage": "",
        "foi_party": "",
        "up_to_date": true
    },
    "Mark Harbers Infrastructuur en Waterstaat Minister": {
        "foaf_name": "Mark Harbers",
        "foaf_function_type": "Minister",
        "dc_publisher_name": "Infrastructuur en Waterstaat",
        "foaf_firstName": "Mark",
        "foaf_lastName": "Harbers",
        "foaf_initials": "M.G.J.",
        "website": "http://www.minienw.nl",
        "foi_linkedin": "https://nl.linkedin.com/in/mark-harbers-68567a20",
        "foi_twitter": "https://twitter.com/markharbers",
        "foi_wikipedia": "https://nl.wikipedia.org/wiki/Mark_Harbers",
        "foaf_workplaceHomepage": "",
        "foi_party": "VVD",
        "up_to_date": true
    },
    "Vivianne Heijnen Infrastructuur en Waterstaat Staatssecretaris": {
        "foaf_name": "Vivianne Heijnen",
        "foaf_function_type": "Staatssecretaris",
        "dc_publisher_name": "Infrastructuur en Waterstaat",
        "foaf_firstName": "Vivianne",
        "foaf_lastName": "Heijnen",
        "foaf_initials": "V.L.W.A.",
        "website": "http://www.minienw.nl",
        "foi_linkedin": "https://nl.linkedin.com/in/vivianne-heijnen-7109082",
        "foi_twitter": "https://twitter.com/vivianneheijnen/with_replies",
        "foi_wikipedia": "https://nl.wikipedia.org/wiki/Vivianne_Heijnen",
        "foaf_workplaceHomepage": "",
        "foi_party": "CDA",
        "up_to_date": true
    },
    "Piet Adema Landbouw, Natuur en Voedselkwaliteit Minister van Landbouw, Natuur en Voedselkwaliteit": {
        "foaf_name": "Piet Adema",
        "foaf_function_type": "Minister van Landbouw, Natuur en Voedselkwaliteit",
        "dc_publisher_name": "Landbouw, Natuur en Voedselkwaliteit",
        "foaf_firstName": "Piet",
        "foaf_lastName": "Adema",
        "foaf_initials": "P.",
        "website": "https://www.rijksoverheid.nl/ministeries/ministerie-van-landbouw-natuur-en-voedselkwaliteit",
        "foi_linkedin": "https://nl.linkedin.com/in/piet-adema-b221591a",
        "foi_twitter": "",
        "foi_wikipedia": "https://nl.wikipedia.org/wiki/Piet_Adema",
        "foaf_workplaceHomepage": "",
        "foi_party": "ChristenUnie",
        "up_to_date": true
    },
    "Christianne van der Wal-Zeggelink Landbouw, Natuur en Voedselkwaliteit Minister voor Natuur en Stikstof": {
        "foaf_name": "Christianne van der Wal-Zeggelink",
        "foaf_function_type": "Minister voor Natuur en Stikstof",
        "dc_publisher_name": "Landbouw, Natuur en Voedselkwaliteit",
        "foaf_firstName": "Christianne",
        "foaf_lastName": "van der Wal-Zeggelink",
        "foaf_initials": "Ch.",
        "website": "https://www.rijksoverheid.nl/ministeries/ministerie-van-landbouw-natuur-en-voedselkwaliteit",
        "foi_linkedin": "",
        "foi_twitter": "",
        "foi_wikipedia": "",
        "foaf_workplaceHomepage": "",
        "foi_party": "VVD",
        "up_to_date": true
    },
    "Jan-Kees Goet Landbouw, Natuur en Voedselkwaliteit Secretaris-Generaal": {
        "foaf_name": "Jan-Kees Goet",
        "foaf_function_type": "Secretaris-Generaal",
        "dc_publisher_name": "Landbouw, Natuur en Voedselkwaliteit",
        "foaf_firstName": "Jan-Kees",
        "foaf_lastName": "Goet",
        "foaf_initials": "J.C.",
        "website": "https://www.rijksoverheid.nl/ministeries/ministerie-van-landbouw-natuur-en-voedselkwaliteit",
        "foi_linkedin": "https://nl.linkedin.com/in/jan-kees-goet",
        "foi_twitter": "https://twitter.com/jankeesgoet",
        "foi_wikipedia": "",
        "foaf_workplaceHomepage": "",
        "foi_party": "",
        "up_to_date": true
    },
    "Eva den Dunnen-Heijblom Landbouw, Natuur en Voedselkwaliteit Plv. Secretaris-Generaal": {
        "foaf_name": "Eva den Dunnen-Heijblom",
        "foaf_function_type": "Plv. Secretaris-Generaal",
        "dc_publisher_name": "Landbouw, Natuur en Voedselkwaliteit",
        "foaf_firstName": "Eva",
        "foaf_lastName": "den Dunnen-Heijblom",
        "foaf_initials": "E.",
        "website": "https://www.rijksoverheid.nl/ministeries/ministerie-van-landbouw-natuur-en-voedselkwaliteit",
        "foi_linkedin": "https://nl.linkedin.com/in/evaheijblom",
        "foi_twitter": "",
        "foi_wikipedia": "",
        "foaf_workplaceHomepage": "",
        "foi_party": "",
        "up_to_date": true
    },
    "contactpersoonwoo@nl Volksgezondheid, Welzijn en Sport Woo-contactpersoon": {
        "foaf_name": "contactpersoonwoo@nl",
        "foaf_function_type": "Woo-contactpersoon",
        "dc_publisher_name": "Volksgezondheid, Welzijn en Sport",
        "foaf_firstName": "",
        "foaf_lastName": "",
        "foaf_initials": "",
        "website": "https://www.rijksoverheid.nl/ministeries/ministerie-van-volksgezondheid-welzijn-en-sport",
        "foi_linkedin": "",
        "foi_twitter": "",
        "foi_wikipedia": "",
        "foaf_workplaceHomepage": "",
        "foi_party": "",
        "up_to_date": false
    },
    "Mark de Boer Binnenlandse Zaken en Koninkrijksrelaties Plv. secretaris-generaal": {
        "foaf_name": "Mark de Boer",
        "foaf_function_type": "Plv. secretaris-generaal",
        "dc_publisher_name": "Binnenlandse Zaken en Koninkrijksrelaties",
        "foaf_firstName": "Mark",
        "foaf_lastName": "de Boer",
        "foaf_initials": "M.R.",
        "website": "https://www.rijksoverheid.nl/ministeries/ministerie-van-binnenlandse-zaken-en-koninkrijksrelaties",
        "foi_linkedin": "https://nl.linkedin.com/in/markdeboer78",
        "foi_twitter": "",
        "foi_wikipedia": "",
        "foaf_workplaceHomepage": "",
        "foi_party": "",
        "up_to_date": true
    },
    "Sigrid Kaag MA MPhil Financi\u00ebn Minister, viceminister-president": {
        "foaf_name": "Sigrid Kaag MA MPhil",
        "foaf_function_type": "Minister, viceminister-president",
        "dc_publisher_name": "Financi\u00ebn",
        "foaf_firstName": "Sigrid",
        "foaf_lastName": "Kaag MA MPhil",
        "foaf_initials": "S.A.M.",
        "website": "https://www.rijksoverheid.nl/ministeries/ministerie-van-financien",
        "foi_linkedin": "",
        "foi_twitter": "",
        "foi_wikipedia": "",
        "foaf_workplaceHomepage": "",
        "foi_party": "D66",
        "up_to_date": true
    },
    "contactpersoonwoo@nl Buitenlandse Zaken Woo-contactpersoon": {
        "foaf_name": "contactpersoonwoo@nl",
        "foaf_function_type": "Woo-contactpersoon",
        "dc_publisher_name": "Buitenlandse Zaken",
        "foaf_firstName": "",
        "foaf_lastName": "",
        "foaf_initials": "",
        "website": "https://www.rijksoverheid.nl/ministeries/ministerie-van-buitenlandse-zaken",
        "foi_linkedin": "",
        "foi_twitter": "",
        "foi_wikipedia": "",
        "foaf_workplaceHomepage": "",
        "foi_party": "",
        "up_to_date": false
    },
    "Marjolein Voslamber Landbouw, Natuur en Voedselkwaliteit Plv. Secretaris-Generaal": {
        "foaf_name": "Marjolein Voslamber",
        "foaf_function_type": "Plv. Secretaris-Generaal",
        "dc_publisher_name": "Landbouw, Natuur en Voedselkwaliteit",
        "foaf_firstName": "Marjolein",
        "foaf_lastName": "Voslamber",
        "foaf_initials": "M.Y.",
        "website": "https://www.rijksoverheid.nl/ministeries/ministerie-van-landbouw-natuur-en-voedselkwaliteit",
        "foi_linkedin": "https://nl.linkedin.com/in/marjolein-voslamber-64883a24",
        "foi_twitter": "",
        "foi_wikipedia": "",
        "foaf_workplaceHomepage": "",
        "foi_party": "",
        "up_to_date": true
    },
    "Hanke Bruins Slot Buitenlandse Zaken Minister van Buitenlandse Zaken": {
        "foaf_name": "Hanke Bruins Slot",
        "foaf_function_type": "Minister van Buitenlandse Zaken",
        "dc_publisher_name": "Buitenlandse Zaken",
        "foaf_firstName": "Hanke",
        "foaf_lastName": "Bruins Slot",
        "foaf_initials": "H.G.J.",
        "website": "https://www.rijksoverheid.nl/ministeries/ministerie-van-buitenlandse-zaken",
        "foi_linkedin": "https://nl.linkedin.com/in/hanke-bruins-slot-22b77587",
        "foi_twitter": "",
        "foi_wikipedia": "https://nl.wikipedia.org/wiki/Hanke_Bruins_Slot",
        "foaf_workplaceHomepage": "",
        "foi_party": "CDA",
        "up_to_date": true
    },
    "0 70 348 75 10 Buitenlandse Zaken Woo-contactpersoon": {
        "foaf_name": "0 70 348 75 10",
        "foaf_function_type": "Woo-contactpersoon",
        "dc_publisher_name": "Buitenlandse Zaken",
        "foaf_firstName": "",
        "foaf_lastName": "",
        "foaf_initials": "",
        "website": "https://www.rijksoverheid.nl/ministeries/ministerie-van-buitenlandse-zaken",
        "foi_linkedin": "",
        "foi_twitter": "",
        "foi_wikipedia": "",
        "foaf_workplaceHomepage": "",
        "foi_party": "",
        "up_to_date": false
    },
    "Marieke van Wallenburg Sociale Zaken en Werkgelegenheid Secretaris-generaal": {
        "foaf_name": "Marieke van Wallenburg",
        "foaf_function_type": "Secretaris-generaal",
        "dc_publisher_name": "Sociale Zaken en Werkgelegenheid",
        "foaf_firstName": "Marieke",
        "foaf_lastName": "van Wallenburg",
        "foaf_initials": "M.",
        "website": "https://www.rijksoverheid.nl/ministeries/ministerie-van-sociale-zaken-en-werkgelegenheid",
        "foi_linkedin": "https://nl.linkedin.com/in/marieke-van-wallenburg-57165a15",
        "foi_twitter": "",
        "foi_wikipedia": "",
        "foaf_workplaceHomepage": "",
        "foi_party": "",
        "up_to_date": true
    },
    "Youssef Boudaghmas Sociale Zaken en Werkgelegenheid Woo-contactpersoon": {
        "foaf_name": "Youssef Boudaghmas",
        "foaf_function_type": "Woo-contactpersoon",
        "dc_publisher_name": "Sociale Zaken en Werkgelegenheid",
        "foaf_firstName": "",
        "foaf_lastName": "",
        "foaf_initials": "",
        "website": "https://www.rijksoverheid.nl/ministeries/ministerie-van-sociale-zaken-en-werkgelegenheid",
        "foi_linkedin": "",
        "foi_twitter": "",
        "foi_wikipedia": "",
        "foaf_workplaceHomepage": "",
        "foi_party": "",
        "up_to_date": false
    },
    "Mari\u00eblle Paul Onderwijs, Cultuur en Wetenschap Minister voor Primair en Voortgezet Onderwijs": {
        "foaf_name": "Mari\u00eblle Paul",
        "foaf_function_type": "Minister voor Primair en Voortgezet Onderwijs",
        "dc_publisher_name": "Onderwijs, Cultuur en Wetenschap",
        "foaf_firstName": "Mari\u00eblle",
        "foaf_lastName": "Paul",
        "foaf_initials": "M.L.J.",
        "website": "https://www.rijksoverheid.nl/ministeries/ministerie-van-onderwijs-cultuur-en-wetenschap",
        "foi_linkedin": "https://nl.linkedin.com/in/mari%c3%ablle-paul-2915183",
        "foi_twitter": "",
        "foi_wikipedia": "https://nl.wikipedia.org/wiki/Mari%C3%ABlle_Paul",
        "foaf_workplaceHomepage": "",
        "foi_party": "VVD",
        "up_to_date": true
    }
}