{
    "Suzanne Kropman College van afgevaardigden voorzitter": {
        "foaf_name": "Suzanne Kropman",
        "foaf_function_type": "voorzitter",
        "dc_publisher_name": "College van afgevaardigden",
        "foaf_firstName": "Suzanne",
        "foaf_lastName": "Kropman",
        "foaf_initials": "S.",
        "website": "",
        "foi_linkedin": "https://nl.linkedin.com/in/suzanne-kropman-375263199",
        "foi_twitter": "",
        "foi_wikipedia": "",
        "foaf_workplaceHomepage": "",
        "foi_party": "",
        "up_to_date": true
    },
    "G. de Groot Hoge Raad der Nederlanden President": {
        "foaf_name": "G. de Groot",
        "foaf_function_type": "President",
        "dc_publisher_name": "Hoge Raad der Nederlanden",
        "foaf_firstName": "",
        "foaf_lastName": "de Groot",
        "foaf_initials": "G.",
        "website": "https://www.hogeraad.nl",
        "foi_linkedin": "https://nl.linkedin.com/in/tessa-de-groot-00a9a0133",
        "foi_twitter": "",
        "foi_wikipedia": "https://nl.wikipedia.org/wiki/Dineke_de_Groot",
        "foaf_workplaceHomepage": "https://www.hogeraad.nl/over-ons/raad/toespraken-president/",
        "foi_party": "",
        "up_to_date": true
    },
    "S.J. Smits-Kampf Hoge Raad der Nederlanden Secretariaat president": {
        "foaf_name": "S.J. Smits-Kampf",
        "foaf_function_type": "Secretariaat president",
        "dc_publisher_name": "Hoge Raad der Nederlanden",
        "foaf_firstName": "",
        "foaf_lastName": "Smits-Kampf",
        "foaf_initials": "S.J.",
        "website": "https://www.hogeraad.nl",
        "foi_linkedin": "",
        "foi_twitter": "",
        "foi_wikipedia": "",
        "foaf_workplaceHomepage": "",
        "foi_party": "",
        "up_to_date": true
    },
    "J. Storm Hoge Raad der Nederlanden Griffier, tvs. kabinetchef": {
        "foaf_name": "J. Storm",
        "foaf_function_type": "Griffier, tvs. kabinetchef",
        "dc_publisher_name": "Hoge Raad der Nederlanden",
        "foaf_firstName": "",
        "foaf_lastName": "Storm",
        "foaf_initials": "J.",
        "website": "https://www.hogeraad.nl",
        "foi_linkedin": "https://nl.linkedin.com/in/hans-storm-83b7bb14",
        "foi_twitter": "",
        "foi_wikipedia": "",
        "foaf_workplaceHomepage": "",
        "foi_party": "",
        "up_to_date": true
    },
    "D. Schreuders-Valette Hoge Raad der Nederlanden Secretariaat griffier": {
        "foaf_name": "D. Schreuders-Valette",
        "foaf_function_type": "Secretariaat griffier",
        "dc_publisher_name": "Hoge Raad der Nederlanden",
        "foaf_firstName": "",
        "foaf_lastName": "Schreuders-Valette",
        "foaf_initials": "D.",
        "website": "https://www.hogeraad.nl",
        "foi_linkedin": "",
        "foi_twitter": "",
        "foi_wikipedia": "",
        "foaf_workplaceHomepage": "",
        "foi_party": "",
        "up_to_date": true
    },
    "T.M. Tjeerdema Hoge Raad der Nederlanden Woordvoerder, tvs. communicatieadviseur": {
        "foaf_name": "T.M. Tjeerdema",
        "foaf_function_type": "Woordvoerder, tvs. communicatieadviseur",
        "dc_publisher_name": "Hoge Raad der Nederlanden",
        "foaf_firstName": "Thea",
        "foaf_lastName": "Tjeerdema",
        "foaf_initials": "T.M.",
        "website": "https://www.hogeraad.nl",
        "foi_linkedin": "https://nl.linkedin.com/in/thea-tjeerdema-9857b136",
        "foi_twitter": "",
        "foi_wikipedia": "",
        "foaf_workplaceHomepage": "https://www.hogeraad.nl/jaarverslag/zaak-begin-eind/thea-tjeerdema-woordvoerder/",
        "foi_party": "",
        "up_to_date": true
    },
    "Henk Naves Raad voor de rechtspraak Voorzitter Raad voor de rechtspraak": {
        "foaf_name": "Henk Naves",
        "foaf_function_type": "Voorzitter Raad voor de rechtspraak",
        "dc_publisher_name": "Raad voor de rechtspraak",
        "foaf_firstName": "Henk",
        "foaf_lastName": "Naves",
        "foaf_initials": "H.C.",
        "website": "https://www.rechtspraak.nl/Organisatie-en-contact/Organisatie/Raad-voor-de-rechtspraak",
        "foi_linkedin": "https://nl.linkedin.com/in/henknaves",
        "foi_twitter": "",
        "foi_wikipedia": "",
        "foaf_workplaceHomepage": "",
        "foi_party": "",
        "up_to_date": true
    },
    "Areane Dorsman Raad voor de rechtspraak Rechterlijk lid Raad voor de rechtspraak": {
        "foaf_name": "Areane Dorsman",
        "foaf_function_type": "Rechterlijk lid Raad voor de rechtspraak",
        "dc_publisher_name": "Raad voor de rechtspraak",
        "foaf_firstName": "Areane",
        "foaf_lastName": "Dorsman",
        "foaf_initials": "A.A.E.",
        "website": "https://www.rechtspraak.nl/Organisatie-en-contact/Organisatie/Raad-voor-de-rechtspraak",
        "foi_linkedin": "",
        "foi_twitter": "",
        "foi_wikipedia": "",
        "foaf_workplaceHomepage": "",
        "foi_party": "",
        "up_to_date": true
    },
    "Peter Pulles Raad voor de rechtspraak Rechterlijk lid Raad voor de rechtspraak": {
        "foaf_name": "Peter Pulles",
        "foaf_function_type": "Rechterlijk lid Raad voor de rechtspraak",
        "dc_publisher_name": "Raad voor de rechtspraak",
        "foaf_firstName": "Peter",
        "foaf_lastName": "Pulles",
        "foaf_initials": "P.W.E.C.",
        "website": "https://www.rechtspraak.nl/Organisatie-en-contact/Organisatie/Raad-voor-de-rechtspraak",
        "foi_linkedin": "https://nl.linkedin.com/in/peter-pulles-bb03392b",
        "foi_twitter": "",
        "foi_wikipedia": "",
        "foaf_workplaceHomepage": "",
        "foi_party": "",
        "up_to_date": true
    },
    "Peter Arnoldus Raad voor de rechtspraak Niet-rechterlijk lid Raad voor de rechtspraak": {
        "foaf_name": "Peter Arnoldus",
        "foaf_function_type": "Niet-rechterlijk lid Raad voor de rechtspraak",
        "dc_publisher_name": "Raad voor de rechtspraak",
        "foaf_firstName": "Peter",
        "foaf_lastName": "Arnoldus",
        "foaf_initials": "P.",
        "website": "https://www.rechtspraak.nl/Organisatie-en-contact/Organisatie/Raad-voor-de-rechtspraak",
        "foi_linkedin": "https://nl.linkedin.com/in/peter-arnoldus-14339059",
        "foi_twitter": "",
        "foi_wikipedia": "",
        "foaf_workplaceHomepage": "",
        "foi_party": "",
        "up_to_date": true
    },
    "Tak\u00advor Avedissian Centrale Raad van Beroep President": {
        "foaf_name": "Tak\u00advor Avedissian",
        "foaf_function_type": "President",
        "dc_publisher_name": "Centrale Raad van Beroep",
        "foaf_firstName": "Tak\u00advor",
        "foaf_lastName": "Avedissian",
        "foaf_initials": "T.",
        "website": "https://www.rechtspraak.nl/Organisatie-en-contact/Organisatie/Centrale-Raad-van-beroep",
        "foi_linkedin": "",
        "foi_twitter": "",
        "foi_wikipedia": "https://nl.wikipedia.org/wiki/Takvor_Avedissian",
        "foaf_workplaceHomepage": "",
        "foi_party": "",
        "up_to_date": true
    },
    "Judith Boeree Centrale Raad van Beroep Rechterlijk bestuurslid": {
        "foaf_name": "Judith Boeree",
        "foaf_function_type": "Rechterlijk bestuurslid",
        "dc_publisher_name": "Centrale Raad van Beroep",
        "foaf_firstName": "Judith",
        "foaf_lastName": "Boeree",
        "foaf_initials": "J.C.",
        "website": "https://www.rechtspraak.nl/Organisatie-en-contact/Organisatie/Centrale-Raad-van-beroep",
        "foi_linkedin": "https://nl.linkedin.com/in/judith-boeree-90029a201",
        "foi_twitter": "",
        "foi_wikipedia": "",
        "foaf_workplaceHomepage": "",
        "foi_party": "",
        "up_to_date": true
    },
    "Kees Verweij Centrale Raad van Beroep Niet-rechterlijk bestuurslid": {
        "foaf_name": "Kees Verweij",
        "foaf_function_type": "Niet-rechterlijk bestuurslid",
        "dc_publisher_name": "Centrale Raad van Beroep",
        "foaf_firstName": "Kees",
        "foaf_lastName": "Verweij",
        "foaf_initials": "C.",
        "website": "https://www.rechtspraak.nl/Organisatie-en-contact/Organisatie/Centrale-Raad-van-beroep",
        "foi_linkedin": "https://nl.linkedin.com/in/kees-verweij-9b8303b1",
        "foi_twitter": "",
        "foi_wikipedia": "",
        "foaf_workplaceHomepage": "",
        "foi_party": "",
        "up_to_date": true
    },
    "Ellen Storm Centrale Raad van Beroep Niet-rechterlijk bestuurslid": {
        "foaf_name": "Ellen Storm",
        "foaf_function_type": "Niet-rechterlijk bestuurslid",
        "dc_publisher_name": "Centrale Raad van Beroep",
        "foaf_firstName": "Ellen",
        "foaf_lastName": "Storm",
        "foaf_initials": "E.",
        "website": "https://www.rechtspraak.nl/Organisatie-en-contact/Organisatie/Centrale-Raad-van-beroep",
        "foi_linkedin": "",
        "foi_twitter": "",
        "foi_wikipedia": "",
        "foaf_workplaceHomepage": "",
        "foi_party": "",
        "up_to_date": true
    },
    "T.G.M. Simons College van Beroep voor het bedrijfsleven President": {
        "foaf_name": "T.G.M. Simons",
        "foaf_function_type": "President",
        "dc_publisher_name": "College van Beroep voor het bedrijfsleven",
        "foaf_firstName": "Theo",
        "foaf_lastName": "Simons",
        "foaf_initials": "T.G.M.",
        "website": "https://www.rechtspraak.nl/Organisatie-en-contact/Organisatie/College-van-Beroep-voor-het-bedrijfsleven",
        "foi_linkedin": "",
        "foi_twitter": "",
        "foi_wikipedia": "",
        "foaf_workplaceHomepage": "",
        "foi_party": "",
        "up_to_date": true
    },
    "R.W.L. Koopmans College van Beroep voor het bedrijfsleven Rechterlijk bestuurslid": {
        "foaf_name": "R.W.L. Koopmans",
        "foaf_function_type": "Rechterlijk bestuurslid",
        "dc_publisher_name": "College van Beroep voor het bedrijfsleven",
        "foaf_firstName": "",
        "foaf_lastName": "Koopmans",
        "foaf_initials": "R.W.L.",
        "website": "https://www.rechtspraak.nl/Organisatie-en-contact/Organisatie/College-van-Beroep-voor-het-bedrijfsleven",
        "foi_linkedin": "",
        "foi_twitter": "",
        "foi_wikipedia": "",
        "foaf_workplaceHomepage": "",
        "foi_party": "",
        "up_to_date": true
    },
    "H.J. van der Brugge College van Beroep voor het bedrijfsleven Niet-rechterlijk bestuurslid": {
        "foaf_name": "H.J. van der Brugge",
        "foaf_function_type": "Niet-rechterlijk bestuurslid",
        "dc_publisher_name": "College van Beroep voor het bedrijfsleven",
        "foaf_firstName": "Hayo",
        "foaf_lastName": "van der Brugge",
        "foaf_initials": "H.J.",
        "website": "https://www.rechtspraak.nl/Organisatie-en-contact/Organisatie/College-van-Beroep-voor-het-bedrijfsleven",
        "foi_linkedin": "https://nl.linkedin.com/in/hayo-van-der-brugge-b067808",
        "foi_twitter": "",
        "foi_wikipedia": "",
        "foaf_workplaceHomepage": "",
        "foi_party": "",
        "up_to_date": true
    },
    "Eveline de Greeve Gerechtshof Amsterdam President en voorzitter": {
        "foaf_name": "Eveline de Greeve",
        "foaf_function_type": "President en voorzitter",
        "dc_publisher_name": "Gerechtshof Amsterdam",
        "foaf_firstName": "Eveline",
        "foaf_lastName": "de Greeve",
        "foaf_initials": "E.",
        "website": "https://www.rechtspraak.nl/Organisatie-en-contact/Organisatie/Gerechtshoven/Gerechtshof-Amsterdam",
        "foi_linkedin": "https://nl.linkedin.com/in/eveline-de-greeve-038571182",
        "foi_twitter": "",
        "foi_wikipedia": "",
        "foaf_workplaceHomepage": "",
        "foi_party": "",
        "up_to_date": true
    },
    "Wilma Groos Gerechtshof Amsterdam Rechterlijk bestuurslid": {
        "foaf_name": "Wilma Groos",
        "foaf_function_type": "Rechterlijk bestuurslid",
        "dc_publisher_name": "Gerechtshof Amsterdam",
        "foaf_firstName": "Wilma",
        "foaf_lastName": "Groos",
        "foaf_initials": "W.F.",
        "website": "https://www.rechtspraak.nl/Organisatie-en-contact/Organisatie/Gerechtshoven/Gerechtshof-Amsterdam",
        "foi_linkedin": "https://nl.linkedin.com/in/wilma-groos-6b27baba",
        "foi_twitter": "",
        "foi_wikipedia": "",
        "foaf_workplaceHomepage": "",
        "foi_party": "",
        "up_to_date": true
    },
    "Sacco van de Velde Gerechtshof Amsterdam Niet-rechterlijk bestuurslid": {
        "foaf_name": "Sacco van de Velde",
        "foaf_function_type": "Niet-rechterlijk bestuurslid",
        "dc_publisher_name": "Gerechtshof Amsterdam",
        "foaf_firstName": "Sacco",
        "foaf_lastName": "van de Velde",
        "foaf_initials": "I.",
        "website": "https://www.rechtspraak.nl/Organisatie-en-contact/Organisatie/Gerechtshoven/Gerechtshof-Amsterdam",
        "foi_linkedin": "https://nl.linkedin.com/in/sacco-van-de-velde-412250",
        "foi_twitter": "",
        "foi_wikipedia": "",
        "foaf_workplaceHomepage": "",
        "foi_party": "",
        "up_to_date": true
    },
    "Z.J. Oosting Gerechtshof Arnhem-Leeuwarden President en voorzitter": {
        "foaf_name": "Z.J. Oosting",
        "foaf_function_type": "President en voorzitter",
        "dc_publisher_name": "Gerechtshof Arnhem-Leeuwarden",
        "foaf_firstName": "",
        "foaf_lastName": "Oosting",
        "foaf_initials": "Z.J.",
        "website": "https://www.rechtspraak.nl/Organisatie-en-contact/Organisatie/Gerechtshoven/Gerechtshof-Arnhem-Leeuwarden",
        "foi_linkedin": "",
        "foi_twitter": "",
        "foi_wikipedia": "",
        "foaf_workplaceHomepage": "",
        "foi_party": "",
        "up_to_date": true
    },
    "E. Bongers Gerechtshof Arnhem-Leeuwarden Rechterlijk bestuurslid": {
        "foaf_name": "E. Bongers",
        "foaf_function_type": "Rechterlijk bestuurslid",
        "dc_publisher_name": "Gerechtshof Arnhem-Leeuwarden",
        "foaf_firstName": "",
        "foaf_lastName": "Bongers",
        "foaf_initials": "E.",
        "website": "https://www.rechtspraak.nl/Organisatie-en-contact/Organisatie/Gerechtshoven/Gerechtshof-Arnhem-Leeuwarden",
        "foi_linkedin": "",
        "foi_twitter": "",
        "foi_wikipedia": "",
        "foaf_workplaceHomepage": "",
        "foi_party": "",
        "up_to_date": true
    },
    "M.W. Koek Gerechtshof Den Haag President en voorzitter": {
        "foaf_name": "M.W. Koek",
        "foaf_function_type": "President en voorzitter",
        "dc_publisher_name": "Gerechtshof Den Haag",
        "foaf_firstName": "Marieke",
        "foaf_lastName": "Koek",
        "foaf_initials": "M.W.",
        "website": "https://www.rechtspraak.nl/Organisatie-en-contact/Organisatie/Gerechtshoven/Gerechtshof-Den-Haag",
        "foi_linkedin": "https://nl.linkedin.com/in/marieke-koek-aa73ab29/nl",
        "foi_twitter": "",
        "foi_wikipedia": "",
        "foaf_workplaceHomepage": "",
        "foi_party": "",
        "up_to_date": true
    },
    "A. de Lange Gerechtshof Den Haag Rechterlijk bestuurslid": {
        "foaf_name": "A. de Lange",
        "foaf_function_type": "Rechterlijk bestuurslid",
        "dc_publisher_name": "Gerechtshof Den Haag",
        "foaf_firstName": "",
        "foaf_lastName": "de Lange",
        "foaf_initials": "A.",
        "website": "https://www.rechtspraak.nl/Organisatie-en-contact/Organisatie/Gerechtshoven/Gerechtshof-Den-Haag",
        "foi_linkedin": "https://nl.linkedin.com/in/ton-de-lange-43860a3a",
        "foi_twitter": "",
        "foi_wikipedia": "",
        "foaf_workplaceHomepage": "",
        "foi_party": "",
        "up_to_date": true
    },
    "H.J. van der Brugge, Gerechtshof Den Haag Niet-rechterlijk bestuurslid": {
        "foaf_name": "H.J. van der Brugge,",
        "foaf_function_type": "Niet-rechterlijk bestuurslid",
        "dc_publisher_name": "Gerechtshof Den Haag",
        "foaf_firstName": "",
        "foaf_lastName": "van der Brugge,",
        "foaf_initials": "H.J.",
        "website": "https://www.rechtspraak.nl/Organisatie-en-contact/Organisatie/Gerechtshoven/Gerechtshof-Den-Haag",
        "foi_linkedin": "",
        "foi_twitter": "",
        "foi_wikipedia": "",
        "foaf_workplaceHomepage": "",
        "foi_party": "",
        "up_to_date": true
    },
    "G. Tangenberg Gerechtshof 's-Hertogenbosch President en voorzitter": {
        "foaf_name": "G. Tangenberg",
        "foaf_function_type": "President en voorzitter",
        "dc_publisher_name": "Gerechtshof 's-Hertogenbosch",
        "foaf_firstName": "Gerard",
        "foaf_lastName": "Tangenberg",
        "foaf_initials": "G.",
        "website": "https://www.rechtspraak.nl/Organisatie-en-contact/Organisatie/Gerechtshoven/Gerechtshof-s-Hertogenbosch",
        "foi_linkedin": "https://nl.linkedin.com/in/gerard-tangenberg-5a57934",
        "foi_twitter": "",
        "foi_wikipedia": "",
        "foaf_workplaceHomepage": "",
        "foi_party": "",
        "up_to_date": true
    },
    "P.M.L.O. Scholte Gerechtshof 's-Hertogenbosch Niet-rechterlijk bestuurslid": {
        "foaf_name": "P.M.L.O. Scholte",
        "foaf_function_type": "Niet-rechterlijk bestuurslid",
        "dc_publisher_name": "Gerechtshof 's-Hertogenbosch",
        "foaf_firstName": "",
        "foaf_lastName": "Scholte",
        "foaf_initials": "P.M.L.O.",
        "website": "https://www.rechtspraak.nl/Organisatie-en-contact/Organisatie/Gerechtshoven/Gerechtshof-s-Hertogenbosch",
        "foi_linkedin": "",
        "foi_twitter": "",
        "foi_wikipedia": "",
        "foaf_workplaceHomepage": "",
        "foi_party": "",
        "up_to_date": true
    },
    "E.A.M. Scheij Gerechtshof 's-Hertogenbosch Rechterlijk bestuurslid": {
        "foaf_name": "E.A.M. Scheij",
        "foaf_function_type": "Rechterlijk bestuurslid",
        "dc_publisher_name": "Gerechtshof 's-Hertogenbosch",
        "foaf_firstName": "",
        "foaf_lastName": "Scheij",
        "foaf_initials": "E.A.M.",
        "website": "https://www.rechtspraak.nl/Organisatie-en-contact/Organisatie/Gerechtshoven/Gerechtshof-s-Hertogenbosch",
        "foi_linkedin": "",
        "foi_twitter": "",
        "foi_wikipedia": "",
        "foaf_workplaceHomepage": "",
        "foi_party": "",
        "up_to_date": true
    },
    "F.W. Bleichrodt Parket bij de Hoge Raad Procureur-generaal (straf)": {
        "foaf_name": "F.W. Bleichrodt",
        "foaf_function_type": "Procureur-generaal (straf)",
        "dc_publisher_name": "Parket bij de Hoge Raad",
        "foaf_firstName": "",
        "foaf_lastName": "Bleichrodt",
        "foaf_initials": "F.W.",
        "website": "https://www.hogeraad.nl",
        "foi_linkedin": "",
        "foi_twitter": "",
        "foi_wikipedia": "https://nl.wikipedia.org/wiki/Edwin_Bleichrodt",
        "foaf_workplaceHomepage": "https://www.hogeraad.nl/over-ons/parket/edwin-bleichrodt/",
        "foi_party": "",
        "up_to_date": true
    },
    "M.H. Wissink Parket bij de Hoge Raad Plv. procureur-generaal (civiel)": {
        "foaf_name": "M.H. Wissink",
        "foaf_function_type": "Plv. procureur-generaal (civiel)",
        "dc_publisher_name": "Parket bij de Hoge Raad",
        "foaf_firstName": "Mark",
        "foaf_lastName": "Wissink",
        "foaf_initials": "M.H.",
        "website": "https://www.hogeraad.nl",
        "foi_linkedin": "",
        "foi_twitter": "",
        "foi_wikipedia": "https://nl.wikipedia.org/wiki/Mark_Wissink",
        "foaf_workplaceHomepage": "https://www.hogeraad.nl/over-ons/parket/mark-wissink/",
        "foi_party": "",
        "up_to_date": true
    },
    "N.N. Kirkels-Vrijman Parket bij de Hoge Raad Kabinetschef procureur-generaal": {
        "foaf_name": "N.N. Kirkels-Vrijman",
        "foaf_function_type": "Kabinetschef procureur-generaal",
        "dc_publisher_name": "Parket bij de Hoge Raad",
        "foaf_firstName": "",
        "foaf_lastName": "Kirkels-Vrijman",
        "foaf_initials": "N.N.",
        "website": "https://www.hogeraad.nl",
        "foi_linkedin": "",
        "foi_twitter": "",
        "foi_wikipedia": "",
        "foaf_workplaceHomepage": "",
        "foi_party": "",
        "up_to_date": true
    },
    "M. Erkelens Parket bij de Hoge Raad Secretariaat procureur-generaal": {
        "foaf_name": "M. Erkelens",
        "foaf_function_type": "Secretariaat procureur-generaal",
        "dc_publisher_name": "Parket bij de Hoge Raad",
        "foaf_firstName": "Mandy",
        "foaf_lastName": "Erkelens",
        "foaf_initials": "M.",
        "website": "https://www.hogeraad.nl",
        "foi_linkedin": "https://nl.linkedin.com/in/mandy-erkelens",
        "foi_twitter": "",
        "foi_wikipedia": "",
        "foaf_workplaceHomepage": "",
        "foi_party": "",
        "up_to_date": true
    },
    "C.M. Wiertz-Wezenbeek Rechtbank Amsterdam President en voorzitter": {
        "foaf_name": "C.M. Wiertz-Wezenbeek",
        "foaf_function_type": "President en voorzitter",
        "dc_publisher_name": "Rechtbank Amsterdam",
        "foaf_firstName": "Christa",
        "foaf_lastName": "Wiertz-Wezenbeek",
        "foaf_initials": "C.M.",
        "website": "https://www.rechtspraak.nl/Organisatie-en-contact/Organisatie/Rechtbanken/Rechtbank-Amsterdam",
        "foi_linkedin": "https://nl.linkedin.com/in/christa-wiertz-wezenbeek-a6736344",
        "foi_twitter": "",
        "foi_wikipedia": "",
        "foaf_workplaceHomepage": "",
        "foi_party": "",
        "up_to_date": true
    },
    "S.F. van Merwijk Rechtbank Amsterdam Rechterlijk bestuurslid": {
        "foaf_name": "S.F. van Merwijk",
        "foaf_function_type": "Rechterlijk bestuurslid",
        "dc_publisher_name": "Rechtbank Amsterdam",
        "foaf_firstName": "",
        "foaf_lastName": "van Merwijk",
        "foaf_initials": "S.F.",
        "website": "https://www.rechtspraak.nl/Organisatie-en-contact/Organisatie/Rechtbanken/Rechtbank-Amsterdam",
        "foi_linkedin": "https://nl.linkedin.com/in/bastiaan-van-merwijk-27122321a",
        "foi_twitter": "",
        "foi_wikipedia": "",
        "foaf_workplaceHomepage": "",
        "foi_party": "",
        "up_to_date": true
    },
    "E.J.H.S. Flipse Rechtbank Amsterdam Niet-rechterlijk bestuurslid": {
        "foaf_name": "E.J.H.S. Flipse",
        "foaf_function_type": "Niet-rechterlijk bestuurslid",
        "dc_publisher_name": "Rechtbank Amsterdam",
        "foaf_firstName": "Erwin",
        "foaf_lastName": "Flipse",
        "foaf_initials": "E.J.H.S.",
        "website": "https://www.rechtspraak.nl/Organisatie-en-contact/Organisatie/Rechtbanken/Rechtbank-Amsterdam",
        "foi_linkedin": "https://nl.linkedin.com/in/erwin-flipse-88906a6",
        "foi_twitter": "",
        "foi_wikipedia": "",
        "foaf_workplaceHomepage": "",
        "foi_party": "",
        "up_to_date": true
    },
    "R.G. de Lange-Tegelaar Rechtbank Den Haag President en voorzitter": {
        "foaf_name": "R.G. de Lange-Tegelaar",
        "foaf_function_type": "President en voorzitter",
        "dc_publisher_name": "Rechtbank Den Haag",
        "foaf_firstName": "Robine",
        "foaf_lastName": "de Lange-Tegelaar",
        "foaf_initials": "R.G.",
        "website": "https://www.rechtspraak.nl/Organisatie-en-contact/Organisatie/Rechtbanken/Rechtbank-Den-Haag",
        "foi_linkedin": "",
        "foi_twitter": "",
        "foi_wikipedia": "https://nl.wikipedia.org/wiki/Robine_de_Lange-Tegelaar",
        "foaf_workplaceHomepage": "",
        "foi_party": "",
        "up_to_date": true
    },
    "J. Visser Rechtbank Den Haag Rechterlijk bestuurslid": {
        "foaf_name": "J. Visser",
        "foaf_function_type": "Rechterlijk bestuurslid",
        "dc_publisher_name": "Rechtbank Den Haag",
        "foaf_firstName": "",
        "foaf_lastName": "Visser",
        "foaf_initials": "J.",
        "website": "https://www.rechtspraak.nl/Organisatie-en-contact/Organisatie/Rechtbanken/Rechtbank-Den-Haag",
        "foi_linkedin": "",
        "foi_twitter": "",
        "foi_wikipedia": "",
        "foaf_workplaceHomepage": "",
        "foi_party": "",
        "up_to_date": true
    },
    "M. Baas-van Vloten Rechtbank Den Haag Niet-rechterlijk bestuurslid": {
        "foaf_name": "M. Baas-van Vloten",
        "foaf_function_type": "Niet-rechterlijk bestuurslid",
        "dc_publisher_name": "Rechtbank Den Haag",
        "foaf_firstName": "Merel",
        "foaf_lastName": "Baas-van Vloten",
        "foaf_initials": "M.",
        "website": "https://www.rechtspraak.nl/Organisatie-en-contact/Organisatie/Rechtbanken/Rechtbank-Den-Haag",
        "foi_linkedin": "https://nl.linkedin.com/in/merel-baas-van-vloten-b19a4b21",
        "foi_twitter": "",
        "foi_wikipedia": "",
        "foaf_workplaceHomepage": "",
        "foi_party": "",
        "up_to_date": true
    },
    "J. Mendlik Rechtbank Rotterdam President en voorzitter": {
        "foaf_name": "J. Mendlik",
        "foaf_function_type": "President en voorzitter",
        "dc_publisher_name": "Rechtbank Rotterdam",
        "foaf_firstName": "Julia",
        "foaf_lastName": "Mendlik",
        "foaf_initials": "J.",
        "website": "https://www.rechtspraak.nl/Organisatie-en-contact/Organisatie/Rechtbanken/Rechtbank-Rotterdam",
        "foi_linkedin": "",
        "foi_twitter": "",
        "foi_wikipedia": "https://nl.wikipedia.org/wiki/Julia_Mendlik",
        "foaf_workplaceHomepage": "",
        "foi_party": "",
        "up_to_date": true
    },
    "J.J. Willemsen Rechtbank Rotterdam Rechterlijk bestuurslid": {
        "foaf_name": "J.J. Willemsen",
        "foaf_function_type": "Rechterlijk bestuurslid",
        "dc_publisher_name": "Rechtbank Rotterdam",
        "foaf_firstName": "Jennifer",
        "foaf_lastName": "Willemsen",
        "foaf_initials": "J.J.",
        "website": "https://www.rechtspraak.nl/Organisatie-en-contact/Organisatie/Rechtbanken/Rechtbank-Rotterdam",
        "foi_linkedin": "https://nl.linkedin.com/in/jennifer-willemsen-5a71086",
        "foi_twitter": "",
        "foi_wikipedia": "",
        "foaf_workplaceHomepage": "",
        "foi_party": "",
        "up_to_date": true
    },
    "P. de Boer Rechtbank Rotterdam Niet-rechterlijk bestuurslid": {
        "foaf_name": "P. de Boer",
        "foaf_function_type": "Niet-rechterlijk bestuurslid",
        "dc_publisher_name": "Rechtbank Rotterdam",
        "foaf_firstName": "Pieter",
        "foaf_lastName": "de Boer",
        "foaf_initials": "P.",
        "website": "https://www.rechtspraak.nl/Organisatie-en-contact/Organisatie/Rechtbanken/Rechtbank-Rotterdam",
        "foi_linkedin": "https://nl.linkedin.com/in/pieterdeboer86",
        "foi_twitter": "",
        "foi_wikipedia": "",
        "foaf_workplaceHomepage": "",
        "foi_party": "",
        "up_to_date": true
    },
    "R. van Leest Rechtbank Gelderland President en voorzitter": {
        "foaf_name": "R. van Leest",
        "foaf_function_type": "President en voorzitter",
        "dc_publisher_name": "Rechtbank Gelderland",
        "foaf_firstName": "Remy",
        "foaf_lastName": "van Leest",
        "foaf_initials": "R.",
        "website": "https://www.rechtspraak.nl/Organisatie-en-contact/Organisatie/Rechtbanken/Rechtbank-Gelderland",
        "foi_linkedin": "https://nl.linkedin.com/in/remy-van-leest-14871046",
        "foi_twitter": "",
        "foi_wikipedia": "",
        "foaf_workplaceHomepage": "",
        "foi_party": "",
        "up_to_date": true
    },
    "Selinde Bokx Rechtbank Gelderland Rechterlijk bestuurslid": {
        "foaf_name": "Selinde Bokx",
        "foaf_function_type": "Rechterlijk bestuurslid",
        "dc_publisher_name": "Rechtbank Gelderland",
        "foaf_firstName": "Selinde",
        "foaf_lastName": "Bokx",
        "foaf_initials": "S.",
        "website": "https://www.rechtspraak.nl/Organisatie-en-contact/Organisatie/Rechtbanken/Rechtbank-Gelderland",
        "foi_linkedin": "https://nl.linkedin.com/in/selinde-bokx-boom-5ba7bb231",
        "foi_twitter": "",
        "foi_wikipedia": "",
        "foaf_workplaceHomepage": "",
        "foi_party": "",
        "up_to_date": true
    },
    "E. Jonasse Rechtbank Gelderland Niet-rechterlijk bestuurslid": {
        "foaf_name": "E. Jonasse",
        "foaf_function_type": "Niet-rechterlijk bestuurslid",
        "dc_publisher_name": "Rechtbank Gelderland",
        "foaf_firstName": "",
        "foaf_lastName": "Jonasse",
        "foaf_initials": "E.",
        "website": "https://www.rechtspraak.nl/Organisatie-en-contact/Organisatie/Rechtbanken/Rechtbank-Gelderland",
        "foi_linkedin": "",
        "foi_twitter": "",
        "foi_wikipedia": "",
        "foaf_workplaceHomepage": "",
        "foi_party": "",
        "up_to_date": true
    },
    "P.W.E.C. Pulles Rechtbank Limburg President en voorzitter": {
        "foaf_name": "P.W.E.C. Pulles",
        "foaf_function_type": "President en voorzitter",
        "dc_publisher_name": "Rechtbank Limburg",
        "foaf_firstName": "Peter",
        "foaf_lastName": "Pulles",
        "foaf_initials": "P.W.E.C.",
        "website": "https://www.rechtspraak.nl/Organisatie-en-contact/Organisatie/Rechtbanken/Rechtbank-Limburg",
        "foi_linkedin": "https://nl.linkedin.com/in/peter-pulles-bb03392b",
        "foi_twitter": "",
        "foi_wikipedia": "",
        "foaf_workplaceHomepage": "",
        "foi_party": "",
        "up_to_date": true
    },
    "M.M. Bijker Rechtbank Limburg Rechterlijk bestuurslid": {
        "foaf_name": "M.M. Bijker",
        "foaf_function_type": "Rechterlijk bestuurslid",
        "dc_publisher_name": "Rechtbank Limburg",
        "foaf_firstName": "Martina",
        "foaf_lastName": "Bijker",
        "foaf_initials": "M.M.",
        "website": "https://www.rechtspraak.nl/Organisatie-en-contact/Organisatie/Rechtbanken/Rechtbank-Limburg",
        "foi_linkedin": "https://nl.linkedin.com/in/martina-bijker-9469065b",
        "foi_twitter": "",
        "foi_wikipedia": "",
        "foaf_workplaceHomepage": "",
        "foi_party": "",
        "up_to_date": true
    },
    "J.J.P.M. Gilissen Rechtbank Limburg Niet-rechterlijk bestuurslid": {
        "foaf_name": "J.J.P.M. Gilissen",
        "foaf_function_type": "Niet-rechterlijk bestuurslid",
        "dc_publisher_name": "Rechtbank Limburg",
        "foaf_firstName": "",
        "foaf_lastName": "Gilissen",
        "foaf_initials": "J.J.P.M.",
        "website": "https://www.rechtspraak.nl/Organisatie-en-contact/Organisatie/Rechtbanken/Rechtbank-Limburg",
        "foi_linkedin": "",
        "foi_twitter": "",
        "foi_wikipedia": "",
        "foaf_workplaceHomepage": "",
        "foi_party": "",
        "up_to_date": true
    },
    "J. Mendlik Rechtbank Midden-Nederland President en voorzitter": {
        "foaf_name": "J. Mendlik",
        "foaf_function_type": "President en voorzitter",
        "dc_publisher_name": "Rechtbank Midden-Nederland",
        "foaf_firstName": "Julia",
        "foaf_lastName": "Mendlik",
        "foaf_initials": "J.",
        "website": "https://www.rechtspraak.nl/Organisatie-en-contact/Organisatie/Rechtbanken/Rechtbank-Midden-Nederland",
        "foi_linkedin": "https://nl.linkedin.com/in/julia-mendlik-2463256",
        "foi_twitter": "",
        "foi_wikipedia": "https://nl.wikipedia.org/wiki/Julia_Mendlik",
        "foaf_workplaceHomepage": "",
        "foi_party": "",
        "up_to_date": true
    },
    "G.F.H. Lycklama \u00e0 Nijeholt Rechtbank Midden-Nederland Rechterlijk bestuurslid": {
        "foaf_name": "G.F.H. Lycklama \u00e0 Nijeholt",
        "foaf_function_type": "Rechterlijk bestuurslid",
        "dc_publisher_name": "Rechtbank Midden-Nederland",
        "foaf_firstName": "",
        "foaf_lastName": "Lycklama \u00e0 Nijeholt",
        "foaf_initials": "G.F.H.",
        "website": "https://www.rechtspraak.nl/Organisatie-en-contact/Organisatie/Rechtbanken/Rechtbank-Midden-Nederland",
        "foi_linkedin": "",
        "foi_twitter": "",
        "foi_wikipedia": "",
        "foaf_workplaceHomepage": "",
        "foi_party": "",
        "up_to_date": true
    },
    "E. Jonasse Rechtbank Midden-Nederland Niet-rechterlijk bestuurslid": {
        "foaf_name": "E. Jonasse",
        "foaf_function_type": "Niet-rechterlijk bestuurslid",
        "dc_publisher_name": "Rechtbank Midden-Nederland",
        "foaf_firstName": "",
        "foaf_lastName": "Jonasse",
        "foaf_initials": "E.",
        "website": "https://www.rechtspraak.nl/Organisatie-en-contact/Organisatie/Rechtbanken/Rechtbank-Midden-Nederland",
        "foi_linkedin": "",
        "foi_twitter": "",
        "foi_wikipedia": "",
        "foaf_workplaceHomepage": "",
        "foi_party": "",
        "up_to_date": true
    },
    "Jan Moors Rechtbank Noord-Holland President en voorzitter": {
        "foaf_name": "Jan Moors",
        "foaf_function_type": "President en voorzitter",
        "dc_publisher_name": "Rechtbank Noord-Holland",
        "foaf_firstName": "Jan",
        "foaf_lastName": "Moors",
        "foaf_initials": "J.W.",
        "website": "https://www.rechtspraak.nl/Organisatie-en-contact/Organisatie/Rechtbanken/Rechtbank-Noord-Holland",
        "foi_linkedin": "https://nl.linkedin.com/in/jan-moors-276bb7a",
        "foi_twitter": "",
        "foi_wikipedia": "",
        "foaf_workplaceHomepage": "",
        "foi_party": "",
        "up_to_date": true
    },
    "Christel Schroten Rechtbank Noord-Holland Rechterlijk bestuurslid": {
        "foaf_name": "Christel Schroten",
        "foaf_function_type": "Rechterlijk bestuurslid",
        "dc_publisher_name": "Rechtbank Noord-Holland",
        "foaf_firstName": "Christel",
        "foaf_lastName": "Schroten",
        "foaf_initials": "A.C.",
        "website": "https://www.rechtspraak.nl/Organisatie-en-contact/Organisatie/Rechtbanken/Rechtbank-Noord-Holland",
        "foi_linkedin": "https://nl.linkedin.com/in/christel-schroten-223588a1",
        "foi_twitter": "",
        "foi_wikipedia": "",
        "foaf_workplaceHomepage": "",
        "foi_party": "",
        "up_to_date": true
    },
    "Thomas Voskuil Rechtbank Noord-Holland Niet-rechterlijk bestuurslid": {
        "foaf_name": "Thomas Voskuil",
        "foaf_function_type": "Niet-rechterlijk bestuurslid",
        "dc_publisher_name": "Rechtbank Noord-Holland",
        "foaf_firstName": "Thomas",
        "foaf_lastName": "Voskuil",
        "foaf_initials": "T.Ph.",
        "website": "https://www.rechtspraak.nl/Organisatie-en-contact/Organisatie/Rechtbanken/Rechtbank-Noord-Holland",
        "foi_linkedin": "https://nl.linkedin.com/in/thomas-voskuil-a8b300a",
        "foi_twitter": "",
        "foi_wikipedia": "",
        "foaf_workplaceHomepage": "",
        "foi_party": "",
        "up_to_date": true
    },
    "A.R. Van der Winkel Rechtbank Noord-Nederland President en voorzitter": {
        "foaf_name": "A.R. Van der Winkel",
        "foaf_function_type": "President en voorzitter",
        "dc_publisher_name": "Rechtbank Noord-Nederland",
        "foaf_firstName": "",
        "foaf_lastName": "Van der Winkel",
        "foaf_initials": "A.R.",
        "website": "https://www.rechtspraak.nl/Organisatie-en-contact/Organisatie/Rechtbanken/Rechtbank-Noord-Nederland",
        "foi_linkedin": "https://nl.linkedin.com/in/fred-van-der-winkel-87577b23",
        "foi_twitter": "",
        "foi_wikipedia": "",
        "foaf_workplaceHomepage": "",
        "foi_party": "",
        "up_to_date": true
    },
    "A.F. Gerding Rechtbank Noord-Nederland Rechterlijk bestuurslid": {
        "foaf_name": "A.F. Gerding",
        "foaf_function_type": "Rechterlijk bestuurslid",
        "dc_publisher_name": "Rechtbank Noord-Nederland",
        "foaf_firstName": "Andrea",
        "foaf_lastName": "Gerding",
        "foaf_initials": "A.F.",
        "website": "https://www.rechtspraak.nl/Organisatie-en-contact/Organisatie/Rechtbanken/Rechtbank-Noord-Nederland",
        "foi_linkedin": "https://nl.linkedin.com/in/andrea-gerding-877437bb",
        "foi_twitter": "",
        "foi_wikipedia": "",
        "foaf_workplaceHomepage": "",
        "foi_party": "",
        "up_to_date": true
    },
    "A.P. Ploeger Rechtbank Noord-Nederland Rechterlijk bestuurslid": {
        "foaf_name": "A.P. Ploeger",
        "foaf_function_type": "Rechterlijk bestuurslid",
        "dc_publisher_name": "Rechtbank Noord-Nederland",
        "foaf_firstName": "",
        "foaf_lastName": "Ploeger",
        "foaf_initials": "A.P.",
        "website": "https://www.rechtspraak.nl/Organisatie-en-contact/Organisatie/Rechtbanken/Rechtbank-Noord-Nederland",
        "foi_linkedin": "",
        "foi_twitter": "",
        "foi_wikipedia": "",
        "foaf_workplaceHomepage": "",
        "foi_party": "",
        "up_to_date": true
    },
    "M.P. de Wilde Rechtbank Noord-Nederland Niet-rechterlijk bestuurslid": {
        "foaf_name": "M.P. de Wilde",
        "foaf_function_type": "Niet-rechterlijk bestuurslid",
        "dc_publisher_name": "Rechtbank Noord-Nederland",
        "foaf_firstName": "Madelon",
        "foaf_lastName": "de Wilde",
        "foaf_initials": "M.P.",
        "website": "https://www.rechtspraak.nl/Organisatie-en-contact/Organisatie/Rechtbanken/Rechtbank-Noord-Nederland",
        "foi_linkedin": "https://nl.linkedin.com/in/madelondewilde",
        "foi_twitter": "",
        "foi_wikipedia": "",
        "foaf_workplaceHomepage": "",
        "foi_party": "",
        "up_to_date": true
    },
    "S. Sicking Rechtbank Oost-Brabant President en voorzitter": {
        "foaf_name": "S. Sicking",
        "foaf_function_type": "President en voorzitter",
        "dc_publisher_name": "Rechtbank Oost-Brabant",
        "foaf_firstName": "",
        "foaf_lastName": "Sicking",
        "foaf_initials": "S.",
        "website": "https://www.rechtspraak.nl/Organisatie-en-contact/Organisatie/Rechtbanken/Rechtbank-Oost-Brabant",
        "foi_linkedin": "",
        "foi_twitter": "",
        "foi_wikipedia": "",
        "foaf_workplaceHomepage": "",
        "foi_party": "",
        "up_to_date": true
    },
    "A.M. Verhoef Rechtbank Oost-Brabant Rechterlijk bestuurslid": {
        "foaf_name": "A.M. Verhoef",
        "foaf_function_type": "Rechterlijk bestuurslid",
        "dc_publisher_name": "Rechtbank Oost-Brabant",
        "foaf_firstName": "",
        "foaf_lastName": "Verhoef",
        "foaf_initials": "A.M.",
        "website": "https://www.rechtspraak.nl/Organisatie-en-contact/Organisatie/Rechtbanken/Rechtbank-Oost-Brabant",
        "foi_linkedin": "https://nl.linkedin.com/in/marlien-verhoef-380b75ab",
        "foi_twitter": "",
        "foi_wikipedia": "",
        "foaf_workplaceHomepage": "",
        "foi_party": "",
        "up_to_date": true
    },
    "R.E. Grift Rechtbank Oost-Brabant Niet-rechterlijk bestuurslid": {
        "foaf_name": "R.E. Grift",
        "foaf_function_type": "Niet-rechterlijk bestuurslid",
        "dc_publisher_name": "Rechtbank Oost-Brabant",
        "foaf_firstName": "Rob",
        "foaf_lastName": "Grift",
        "foaf_initials": "R.E.",
        "website": "https://www.rechtspraak.nl/Organisatie-en-contact/Organisatie/Rechtbanken/Rechtbank-Oost-Brabant",
        "foi_linkedin": "https://nl.linkedin.com/in/rob-grift-03b6977/nl",
        "foi_twitter": "",
        "foi_wikipedia": "",
        "foaf_workplaceHomepage": "",
        "foi_party": "",
        "up_to_date": true
    },
    "H.J.H. van Meegen Rechtbank Overijssel President en voorzitter": {
        "foaf_name": "H.J.H. van Meegen",
        "foaf_function_type": "President en voorzitter",
        "dc_publisher_name": "Rechtbank Overijssel",
        "foaf_firstName": "",
        "foaf_lastName": "van Meegen",
        "foaf_initials": "H.J.H.",
        "website": "https://www.rechtspraak.nl/Organisatie-en-contact/Organisatie/Rechtbanken/Rechtbank-Overijssel",
        "foi_linkedin": "https://nl.linkedin.com/in/bart-van-meegen-17b7a12",
        "foi_twitter": "",
        "foi_wikipedia": "",
        "foaf_workplaceHomepage": "",
        "foi_party": "",
        "up_to_date": true
    },
    "E. Elderman Rechtbank Overijssel Rechterlijk bestuurslid": {
        "foaf_name": "E. Elderman",
        "foaf_function_type": "Rechterlijk bestuurslid",
        "dc_publisher_name": "Rechtbank Overijssel",
        "foaf_firstName": "Erik",
        "foaf_lastName": "Elderman",
        "foaf_initials": "E.",
        "website": "https://www.rechtspraak.nl/Organisatie-en-contact/Organisatie/Rechtbanken/Rechtbank-Overijssel",
        "foi_linkedin": "https://nl.linkedin.com/in/erik-elderman-1a25749",
        "foi_twitter": "",
        "foi_wikipedia": "",
        "foaf_workplaceHomepage": "",
        "foi_party": "",
        "up_to_date": true
    },
    "M. van de Streek Rechtbank Overijssel Niet-rechterlijk bestuurslid": {
        "foaf_name": "M. van de Streek",
        "foaf_function_type": "Niet-rechterlijk bestuurslid",
        "dc_publisher_name": "Rechtbank Overijssel",
        "foaf_firstName": "Mark",
        "foaf_lastName": "van de Streek",
        "foaf_initials": "M.",
        "website": "https://www.rechtspraak.nl/Organisatie-en-contact/Organisatie/Rechtbanken/Rechtbank-Overijssel",
        "foi_linkedin": "https://nl.linkedin.com/in/mark-van-de-streek-7994b635",
        "foi_twitter": "",
        "foi_wikipedia": "",
        "foaf_workplaceHomepage": "",
        "foi_party": "",
        "up_to_date": true
    },
    "J.B. van den Beld Rechtbank Zeeland-West-Brabant President en voorzitter": {
        "foaf_name": "J.B. van den Beld",
        "foaf_function_type": "President en voorzitter",
        "dc_publisher_name": "Rechtbank Zeeland-West-Brabant",
        "foaf_firstName": "Jasper",
        "foaf_lastName": "van den Beld",
        "foaf_initials": "J.B.",
        "website": "https://www.rechtspraak.nl/Organisatie-en-contact/Organisatie/Rechtbanken/Rechtbank-Zeeland-West-Brabant",
        "foi_linkedin": "",
        "foi_twitter": "",
        "foi_wikipedia": "",
        "foaf_workplaceHomepage": "",
        "foi_party": "",
        "up_to_date": true
    },
    "T. van de Poll Rechtbank Zeeland-West-Brabant Rechterlijk bestuurslid": {
        "foaf_name": "T. van de Poll",
        "foaf_function_type": "Rechterlijk bestuurslid",
        "dc_publisher_name": "Rechtbank Zeeland-West-Brabant",
        "foaf_firstName": "",
        "foaf_lastName": "van de Poll",
        "foaf_initials": "T.",
        "website": "https://www.rechtspraak.nl/Organisatie-en-contact/Organisatie/Rechtbanken/Rechtbank-Zeeland-West-Brabant",
        "foi_linkedin": "",
        "foi_twitter": "",
        "foi_wikipedia": "",
        "foaf_workplaceHomepage": "",
        "foi_party": "",
        "up_to_date": true
    },
    "Eunice Saleh Gemeenschappelijk Hof van Justitie van Aruba, Cura\u00e7ao, Sint Maarten en van Bonaire, Sint Eustatius en Saba President": {
        "foaf_name": "Eunice Saleh",
        "foaf_function_type": "President",
        "dc_publisher_name": "Gemeenschappelijk Hof van Justitie van Aruba, Cura\u00e7ao, Sint Maarten en van Bonaire, Sint Eustatius en Saba",
        "foaf_firstName": "Eunice",
        "foaf_lastName": "Saleh",
        "foaf_initials": "E.A.",
        "website": "http://gemhofvanjustitie.org",
        "foi_linkedin": "",
        "foi_twitter": "",
        "foi_wikipedia": "",
        "foaf_workplaceHomepage": "",
        "foi_party": "",
        "up_to_date": true
    },
    "Mauritsz de Kort Gemeenschappelijk Hof van Justitie van Aruba, Cura\u00e7ao, Sint Maarten en van Bonaire, Sint Eustatius en Saba Vice-president Cura\u00e7ao en Bonaire": {
        "foaf_name": "Mauritsz de Kort",
        "foaf_function_type": "Vice-president Cura\u00e7ao en Bonaire",
        "dc_publisher_name": "Gemeenschappelijk Hof van Justitie van Aruba, Cura\u00e7ao, Sint Maarten en van Bonaire, Sint Eustatius en Saba",
        "foaf_firstName": "Mauritsz",
        "foaf_lastName": "de Kort",
        "foaf_initials": "M.J.",
        "website": "http://gemhofvanjustitie.org",
        "foi_linkedin": "",
        "foi_twitter": "",
        "foi_wikipedia": "",
        "foaf_workplaceHomepage": "",
        "foi_party": "",
        "up_to_date": true
    },
    "Jacques Keltjens Gemeenschappelijk Hof van Justitie van Aruba, Cura\u00e7ao, Sint Maarten en van Bonaire, Sint Eustatius en Saba Vice-president Aruba": {
        "foaf_name": "Jacques Keltjens",
        "foaf_function_type": "Vice-president Aruba",
        "dc_publisher_name": "Gemeenschappelijk Hof van Justitie van Aruba, Cura\u00e7ao, Sint Maarten en van Bonaire, Sint Eustatius en Saba",
        "foaf_firstName": "Jacques",
        "foaf_lastName": "Keltjens",
        "foaf_initials": "J.M.J.",
        "website": "http://gemhofvanjustitie.org",
        "foi_linkedin": "https://nl.linkedin.com/in/jacques-keltjens-0670a1a9",
        "foi_twitter": "",
        "foi_wikipedia": "",
        "foaf_workplaceHomepage": "https://gemhofvanjustitie.org/vestigingen/aruba",
        "foi_party": "",
        "up_to_date": true
    },
    "Sander van Rijen Gemeenschappelijk Hof van Justitie van Aruba, Cura\u00e7ao, Sint Maarten en van Bonaire, Sint Eustatius en Saba Vice-president Sint Maarten": {
        "foaf_name": "Sander van Rijen",
        "foaf_function_type": "Vice-president Sint Maarten",
        "dc_publisher_name": "Gemeenschappelijk Hof van Justitie van Aruba, Cura\u00e7ao, Sint Maarten en van Bonaire, Sint Eustatius en Saba",
        "foaf_firstName": "Sander",
        "foaf_lastName": "van Rijen",
        "foaf_initials": "A.J.J.",
        "website": "http://gemhofvanjustitie.org",
        "foi_linkedin": "https://nl.linkedin.com/in/sander-van-rijen-10ab471a",
        "foi_twitter": "",
        "foi_wikipedia": "",
        "foaf_workplaceHomepage": "",
        "foi_party": "",
        "up_to_date": true
    }
}