{
    "M.J.J. Jacobs Aa en Maas Dijkgraaf": {
        "foaf_name": "M.J.J. Jacobs",
        "foaf_function_type": "Dijkgraaf",
        "dc_publisher_name": "Aa en Maas",
        "foaf_firstName": "Mario",
        "foaf_lastName": "Jacobs",
        "foaf_initials": "M.J.J.",
        "website": "https://www.aaenmaas.nl",
        "foi_linkedin": "https://nl.linkedin.com/in/mariojacobs1972",
        "foi_twitter": "https://twitter.com/jacobsmario",
        "foi_wikipedia": "https://nl.wikipedia.org/wiki/Mario_Jacobs",
        "foaf_workplaceHomepage": "https://www.aaenmaas.nl/bestuur/dagelijks-bestuur/dagelijks-bestuur/mario-jacobs/",
        "foi_party": "",
        "up_to_date": true
    },
    "P. Sennema Aa en Maas Secretaris-directeur": {
        "foaf_name": "P. Sennema",
        "foaf_function_type": "Secretaris-directeur",
        "dc_publisher_name": "Aa en Maas",
        "foaf_firstName": "Pieter",
        "foaf_lastName": "Sennema",
        "foaf_initials": "P.",
        "website": "https://www.aaenmaas.nl",
        "foi_linkedin": "https://nl.linkedin.com/in/pietersennema",
        "foi_twitter": "",
        "foi_wikipedia": "",
        "foaf_workplaceHomepage": "https://www.aaenmaas.nl/bestuur/directieteam/pieter-sennema/",
        "foi_party": "",
        "up_to_date": true
    },
    "J.J. Sylvester Amstel, Gooi en Vecht Dijkgraaf": {
        "foaf_name": "J.J. Sylvester",
        "foaf_function_type": "Dijkgraaf",
        "dc_publisher_name": "Amstel, Gooi en Vecht",
        "foaf_firstName": "Joyce",
        "foaf_lastName": "Sylvester",
        "foaf_initials": "J.J.",
        "website": "https://www.agv.nl",
        "foi_linkedin": "https://nl.linkedin.com/in/dr-joyce-sylvester-4b2ab785",
        "foi_twitter": "https://twitter.com/jjsylvester1",
        "foi_wikipedia": "https://nl.wikipedia.org/wiki/Joyce_Sylvester",
        "foaf_workplaceHomepage": "https://www.agv.nl/over-ons/het-bestuur-in-beeld/joyce-sylvester/",
        "foi_party": "",
        "up_to_date": true
    },
    "G. Nottelman Amstel, Gooi en Vecht Secretaris-directeur": {
        "foaf_name": "G. Nottelman",
        "foaf_function_type": "Secretaris-directeur",
        "dc_publisher_name": "Amstel, Gooi en Vecht",
        "foaf_firstName": "Gritta",
        "foaf_lastName": "Nottelman",
        "foaf_initials": "G.",
        "website": "https://www.agv.nl",
        "foi_linkedin": "https://nl.linkedin.com/in/grittanottelman",
        "foi_twitter": "",
        "foi_wikipedia": "",
        "foaf_workplaceHomepage": "https://www.agv.nl/over-ons/het-bestuur-in-beeld/gritta-nottelman/",
        "foi_party": "",
        "up_to_date": true
    },
    "C.J.G.M. de Vet Brabantse Delta Dijkgraaf": {
        "foaf_name": "C.J.G.M. de Vet",
        "foaf_function_type": "Dijkgraaf",
        "dc_publisher_name": "Brabantse Delta",
        "foaf_firstName": "",
        "foaf_lastName": "de Vet",
        "foaf_initials": "C.J.G.M.",
        "website": "https://www.brabantsedelta.nl",
        "foi_linkedin": "https://nl.linkedin.com/in/kees-jan-de-vet-430b1612",
        "foi_twitter": "",
        "foi_wikipedia": "",
        "foaf_workplaceHomepage": "https://www.brabantsedelta.nl/kees-jan-de-vet",
        "foi_party": "",
        "up_to_date": true
    },
    "A.F.M. Meuleman Brabantse Delta Secretaris-directeur": {
        "foaf_name": "A.F.M. Meuleman",
        "foaf_function_type": "Secretaris-directeur",
        "dc_publisher_name": "Brabantse Delta",
        "foaf_firstName": "Arthur",
        "foaf_lastName": "Meuleman",
        "foaf_initials": "A.F.M.",
        "website": "https://www.brabantsedelta.nl",
        "foi_linkedin": "https://nl.linkedin.com/in/arthur-meuleman-9b691817",
        "foi_twitter": "",
        "foi_wikipedia": "",
        "foaf_workplaceHomepage": "https://www.brabantsedelta.nl/arthur-meuleman",
        "foi_party": "",
        "up_to_date": true
    },
    "P.H.W.M. Daverveldt Hoogheemraadschap van Delfland Dijkgraaf": {
        "foaf_name": "P.H.W.M. Daverveldt",
        "foaf_function_type": "Dijkgraaf",
        "dc_publisher_name": "Hoogheemraadschap van Delfland",
        "foaf_firstName": "Piet-Hein",
        "foaf_lastName": "Daverveldt",
        "foaf_initials": "P.H.W.M.",
        "website": "https://www.hhdelfland.nl",
        "foi_linkedin": "https://nl.linkedin.com/in/piet-hein-daverveldt-870a175",
        "foi_twitter": "",
        "foi_wikipedia": "",
        "foaf_workplaceHomepage": "https://www.hhdelfland.nl/over-ons/bestuur/dagelijks-bestuur/leden-db/dijkgraaf-piet-hein-daverveldt/",
        "foi_party": "",
        "up_to_date": true
    },
    "P.C. Janssen Hoogheemraadschap van Delfland Secretaris-directeur": {
        "foaf_name": "P.C. Janssen",
        "foaf_function_type": "Secretaris-directeur",
        "dc_publisher_name": "Hoogheemraadschap van Delfland",
        "foaf_firstName": "Pieter",
        "foaf_lastName": "Janssen",
        "foaf_initials": "P.C.",
        "website": "https://www.hhdelfland.nl",
        "foi_linkedin": "https://nl.linkedin.com/in/pieter-janssen-a96b025",
        "foi_twitter": "",
        "foi_wikipedia": "",
        "foaf_workplaceHomepage": "https://www.hhdelfland.nl/over-ons/bestuur/dagelijks-bestuur/leden-db/",
        "foi_party": "",
        "up_to_date": true
    },
    "E. de Ridder De Dommel Watergraaf": {
        "foaf_name": "E. de Ridder",
        "foaf_function_type": "Watergraaf",
        "dc_publisher_name": "De Dommel",
        "foaf_firstName": "Erik",
        "foaf_lastName": "de Ridder",
        "foaf_initials": "E.",
        "website": "https://www.dommel.nl",
        "foi_linkedin": "https://nl.linkedin.com/in/e-de-ridder",
        "foi_twitter": "https://twitter.com/erikderidder",
        "foi_wikipedia": "https://nl.wikipedia.org/wiki/Erik_de_Ridder",
        "foaf_workplaceHomepage": "https://www.dommel.nl/watergraaf",
        "foi_party": "",
        "up_to_date": true
    },
    "H. Kielenstijn De Dommel Secretaris-directeur": {
        "foaf_name": "H. Kielenstijn",
        "foaf_function_type": "Secretaris-directeur",
        "dc_publisher_name": "De Dommel",
        "foaf_firstName": "Henk",
        "foaf_lastName": "Kielenstijn",
        "foaf_initials": "H.",
        "website": "https://www.dommel.nl",
        "foi_linkedin": "https://nl.linkedin.com/in/henk-kielenstijn-88657190",
        "foi_twitter": "",
        "foi_wikipedia": "",
        "foaf_workplaceHomepage": "https://www.dommel.nl/henk-kielenstijn-secretaris-directeur",
        "foi_party": "",
        "up_to_date": true
    },
    "L.M.B.C. Kroon Wetterskip Frysl\u00e2n Dijkgraaf": {
        "foaf_name": "L.M.B.C. Kroon",
        "foaf_function_type": "Dijkgraaf",
        "dc_publisher_name": "Wetterskip Frysl\u00e2n",
        "foaf_firstName": "Luzette",
        "foaf_lastName": "Kroon",
        "foaf_initials": "L.M.B.C.",
        "website": "https://www.wetterskipfryslan.nl",
        "foi_linkedin": "https://nl.linkedin.com/in/luzette-kroon-161476b",
        "foi_twitter": "",
        "foi_wikipedia": "https://nl.wikipedia.org/wiki/Luzette_Kroon",
        "foaf_workplaceHomepage": "",
        "foi_party": "",
        "up_to_date": true
    },
    "O. Bijlsma Wetterskip Frysl\u00e2n Secretaris-directeur": {
        "foaf_name": "O. Bijlsma",
        "foaf_function_type": "Secretaris-directeur",
        "dc_publisher_name": "Wetterskip Frysl\u00e2n",
        "foaf_firstName": "Oeds",
        "foaf_lastName": "Bijlsma",
        "foaf_initials": "O.",
        "website": "https://www.wetterskipfryslan.nl",
        "foi_linkedin": "https://nl.linkedin.com/in/oedsbijlsma",
        "foi_twitter": "",
        "foi_wikipedia": "",
        "foaf_workplaceHomepage": "https://www.wetterskipfryslan.nl/news/nieuw-dagelijks-bestuur-geinstalleerd",
        "foi_party": "",
        "up_to_date": true
    },
    "J. Bonjer Hollandse Delta Dijkgraaf": {
        "foaf_name": "J. Bonjer",
        "foaf_function_type": "Dijkgraaf",
        "dc_publisher_name": "Hollandse Delta",
        "foaf_firstName": "Jan",
        "foaf_lastName": "Bonjer",
        "foaf_initials": "J.",
        "website": "https://www.wshd.nl",
        "foi_linkedin": "https://nl.linkedin.com/in/jan-f-bonjer-9277a3b",
        "foi_twitter": "",
        "foi_wikipedia": "",
        "foaf_workplaceHomepage": "https://www.wshd.nl/dijkgraaf-jan-bonjer",
        "foi_party": "",
        "up_to_date": true
    },
    "S.J. Steendijk Hollandse Delta Secretaris-directeur": {
        "foaf_name": "S.J. Steendijk",
        "foaf_function_type": "Secretaris-directeur",
        "dc_publisher_name": "Hollandse Delta",
        "foaf_firstName": "Simone",
        "foaf_lastName": "Steendijk",
        "foaf_initials": "S.J.",
        "website": "https://www.wshd.nl",
        "foi_linkedin": "https://nl.linkedin.com/in/simonesteendijk",
        "foi_twitter": "",
        "foi_wikipedia": "",
        "foaf_workplaceHomepage": "https://www.wshd.nl/nieuwe-secretaris-directeur-voor-waterschap-hollandse-delta",
        "foi_party": "",
        "up_to_date": true
    },
    "R.P.G. Bosma Hoogheemraadschap Hollands Noorderkwartier Dijkgraaf": {
        "foaf_name": "R.P.G. Bosma",
        "foaf_function_type": "Dijkgraaf",
        "dc_publisher_name": "Hoogheemraadschap Hollands Noorderkwartier",
        "foaf_firstName": "Remco",
        "foaf_lastName": "Bosma",
        "foaf_initials": "R.P.G.",
        "website": "https://www.hhnk.nl",
        "foi_linkedin": "https://nl.linkedin.com/in/remcobosma",
        "foi_twitter": "",
        "foi_wikipedia": "https://nl.wikipedia.org/wiki/Remco_Bosma",
        "foaf_workplaceHomepage": "https://www.hhnk.nl/remco-bosma",
        "foi_party": "",
        "up_to_date": true
    },
    "M.J. Kuipers Hoogheemraadschap Hollands Noorderkwartier Secretaris-directeur": {
        "foaf_name": "M.J. Kuipers",
        "foaf_function_type": "Secretaris-directeur",
        "dc_publisher_name": "Hoogheemraadschap Hollands Noorderkwartier",
        "foaf_firstName": "Martin",
        "foaf_lastName": "Kuipers",
        "foaf_initials": "M.J.",
        "website": "https://www.hhnk.nl",
        "foi_linkedin": "https://nl.linkedin.com/in/kuipersmartin",
        "foi_twitter": "",
        "foi_wikipedia": "",
        "foaf_workplaceHomepage": "https://www.hhnk.nl/martin-kuipers",
        "foi_party": "",
        "up_to_date": true
    },
    "G.J. ten Brink Hunze en Aa's Dijkgraaf": {
        "foaf_name": "G.J. ten Brink",
        "foaf_function_type": "Dijkgraaf",
        "dc_publisher_name": "Hunze en Aa's",
        "foaf_firstName": "Geert-Jan",
        "foaf_lastName": "ten Brink",
        "foaf_initials": "G.J.",
        "website": "https://www.hunzeenaas.nl",
        "foi_linkedin": "https://nl.linkedin.com/in/geertjantenbrink",
        "foi_twitter": "https://twitter.com/gjtenbrink",
        "foi_wikipedia": "https://nl.wikipedia.org/wiki/Geert-Jan_ten_Brink",
        "foaf_workplaceHomepage": "",
        "foi_party": "",
        "up_to_date": true
    },
    "H. K\u00fcpers Hunze en Aa's Secretaris-directeur": {
        "foaf_name": "H. K\u00fcpers",
        "foaf_function_type": "Secretaris-directeur",
        "dc_publisher_name": "Hunze en Aa's",
        "foaf_firstName": "",
        "foaf_lastName": "K\u00fcpers",
        "foaf_initials": "H.",
        "website": "https://www.hunzeenaas.nl",
        "foi_linkedin": "",
        "foi_twitter": "",
        "foi_wikipedia": "",
        "foaf_workplaceHomepage": "",
        "foi_party": "",
        "up_to_date": true
    },
    "E.J.M. Keulers Waterschap Limburg Secretaris-directeur": {
        "foaf_name": "E.J.M. Keulers",
        "foaf_function_type": "Secretaris-directeur",
        "dc_publisher_name": "Waterschap Limburg",
        "foaf_firstName": "Erik",
        "foaf_lastName": "Keulers",
        "foaf_initials": "E.J.M.",
        "website": "https://www.waterschaplimburg.nl",
        "foi_linkedin": "",
        "foi_twitter": "",
        "foi_wikipedia": "",
        "foaf_workplaceHomepage": "https://www.waterschaplimburg.nl/@5368/erik-keulers/",
        "foi_party": "",
        "up_to_date": true
    },
    "L.H.J. Verheijen Waterschap Limburg Wnd. voorzitter": {
        "foaf_name": "L.H.J. Verheijen",
        "foaf_function_type": "Wnd. voorzitter",
        "dc_publisher_name": "Waterschap Limburg",
        "foaf_firstName": "Lambert",
        "foaf_lastName": "Verheijen",
        "foaf_initials": "L.H.J.",
        "website": "https://www.waterschaplimburg.nl",
        "foi_linkedin": "",
        "foi_twitter": "",
        "foi_wikipedia": "",
        "foaf_workplaceHomepage": "https://www.waterschaplimburg.nl/@8012/lambert-verheijen-waarnemend-dijkgraaf/",
        "foi_party": "",
        "up_to_date": true
    },
    "Woo contactpersoon Waterschap Limburg Waterschap Limburg Woo-contactpersoon": {
        "foaf_name": "Woo contactpersoon Waterschap Limburg",
        "foaf_function_type": "Woo-contactpersoon",
        "dc_publisher_name": "Waterschap Limburg",
        "foaf_firstName": "",
        "foaf_lastName": "",
        "foaf_initials": "",
        "website": "https://www.waterschaplimburg.nl",
        "foi_linkedin": "",
        "foi_twitter": "",
        "foi_wikipedia": "",
        "foaf_workplaceHomepage": "",
        "foi_party": "",
        "up_to_date": false
    },
    "R. van der Schaaf Noorderzijlvest Dijkgraaf": {
        "foaf_name": "R. van der Schaaf",
        "foaf_function_type": "Dijkgraaf",
        "dc_publisher_name": "Noorderzijlvest",
        "foaf_firstName": "Roeland",
        "foaf_lastName": "van der Schaaf",
        "foaf_initials": "R.",
        "website": "https://www.noorderzijlvest.nl",
        "foi_linkedin": "https://nl.linkedin.com/in/roeland-van-der-schaaf-a55883162",
        "foi_twitter": "",
        "foi_wikipedia": "https://nl.wikipedia.org/wiki/Roeland_van_der_Schaaf",
        "foaf_workplaceHomepage": "https://www.noorderzijlvest.nl/dijkgraaf-roeland-van-der-schaaf",
        "foi_party": "",
        "up_to_date": true
    },
    "Bas Tammes Noorderzijlvest Secretaris-directeur": {
        "foaf_name": "Bas Tammes",
        "foaf_function_type": "Secretaris-directeur",
        "dc_publisher_name": "Noorderzijlvest",
        "foaf_firstName": "Bas",
        "foaf_lastName": "Tammes",
        "foaf_initials": "B.",
        "website": "https://www.noorderzijlvest.nl",
        "foi_linkedin": "https://nl.linkedin.com/in/bastammes",
        "foi_twitter": "",
        "foi_wikipedia": "",
        "foaf_workplaceHomepage": "https://www.noorderzijlvest.nl/secretaris-directeur-bas-tammes",
        "foi_party": "",
        "up_to_date": true
    },
    "H.Th.M. Pieper Rijn en IJssel Dijkgraaf": {
        "foaf_name": "H.Th.M. Pieper",
        "foaf_function_type": "Dijkgraaf",
        "dc_publisher_name": "Rijn en IJssel",
        "foaf_firstName": "Hein",
        "foaf_lastName": "Pieper",
        "foaf_initials": "H.Th.M.",
        "website": "https://www.wrij.nl",
        "foi_linkedin": "https://nl.linkedin.com/in/hein-pieper-a638b39",
        "foi_twitter": "",
        "foi_wikipedia": "https://nl.wikipedia.org/wiki/Hein_Pieper",
        "foaf_workplaceHomepage": "https://www.wrij.nl/overzicht-dagelijks-bestuur",
        "foi_party": "",
        "up_to_date": true
    },
    "C. Roos Rijn en IJssel Secretaris-directeur": {
        "foaf_name": "C. Roos",
        "foaf_function_type": "Secretaris-directeur",
        "dc_publisher_name": "Rijn en IJssel",
        "foaf_firstName": "Cor",
        "foaf_lastName": "Roos",
        "foaf_initials": "C.",
        "website": "https://www.wrij.nl",
        "foi_linkedin": "https://nl.linkedin.com/in/cor-roos-423ba8163",
        "foi_twitter": "",
        "foi_wikipedia": "",
        "foaf_workplaceHomepage": "https://www.wrij.nl/overzicht-dagelijks-bestuur",
        "foi_party": "",
        "up_to_date": true
    },
    "H.C. Klavers Zuiderzeeland Dijkgraaf": {
        "foaf_name": "H.C. Klavers",
        "foaf_function_type": "Dijkgraaf",
        "dc_publisher_name": "Zuiderzeeland",
        "foaf_firstName": "Hetty",
        "foaf_lastName": "Klavers",
        "foaf_initials": "H.C.",
        "website": "https://www.zuiderzeeland.nl",
        "foi_linkedin": "https://nl.linkedin.com/in/hetty-klavers-96004b14a",
        "foi_twitter": "",
        "foi_wikipedia": "https://nl.wikipedia.org/wiki/Hetty_Klavers",
        "foaf_workplaceHomepage": "https://www.zuiderzeeland.nl/dijkgraaf-en-heemraden",
        "foi_party": "",
        "up_to_date": true
    },
    "W. Slob Zuiderzeeland Secretaris-directeur": {
        "foaf_name": "W. Slob",
        "foaf_function_type": "Secretaris-directeur",
        "dc_publisher_name": "Zuiderzeeland",
        "foaf_firstName": "Wouter",
        "foaf_lastName": "Slob",
        "foaf_initials": "W.",
        "website": "https://www.zuiderzeeland.nl",
        "foi_linkedin": "https://nl.linkedin.com/in/wouter-slob-03810918",
        "foi_twitter": "",
        "foi_wikipedia": "",
        "foaf_workplaceHomepage": "https://www.zuiderzeeland.nl/secretaris-directeur-wouter-slob",
        "foi_party": "",
        "up_to_date": true
    },
    "Woo contactpersoon Waterschap Zuiderzeeland Zuiderzeeland Woo-contactpersoon": {
        "foaf_name": "Woo contactpersoon Waterschap Zuiderzeeland",
        "foaf_function_type": "Woo-contactpersoon",
        "dc_publisher_name": "Zuiderzeeland",
        "foaf_firstName": "",
        "foaf_lastName": "",
        "foaf_initials": "",
        "website": "https://www.zuiderzeeland.nl",
        "foi_linkedin": "",
        "foi_twitter": "",
        "foi_wikipedia": "",
        "foaf_workplaceHomepage": "",
        "foi_party": "",
        "up_to_date": false
    },
    "S.M.M. Kuks Vechtstromen Watergraaf": {
        "foaf_name": "S.M.M. Kuks",
        "foaf_function_type": "Watergraaf",
        "dc_publisher_name": "Vechtstromen",
        "foaf_firstName": "Stefan",
        "foaf_lastName": "Kuks",
        "foaf_initials": "S.M.M.",
        "website": "https://www.vechtstromen.nl",
        "foi_linkedin": "https://nl.linkedin.com/in/stefankuks",
        "foi_twitter": "",
        "foi_wikipedia": "https://nl.wikipedia.org/wiki/Stefan_Kuks",
        "foaf_workplaceHomepage": "https://www.vechtstromen.nl/bestuur/watergraaf/",
        "foi_party": "",
        "up_to_date": true
    },
    "R.I. Andringa Vechtstromen Secretaris-directeur": {
        "foaf_name": "R.I. Andringa",
        "foaf_function_type": "Secretaris-directeur",
        "dc_publisher_name": "Vechtstromen",
        "foaf_firstName": "Richard",
        "foaf_lastName": "Andringa",
        "foaf_initials": "R.I.",
        "website": "https://www.vechtstromen.nl",
        "foi_linkedin": "https://nl.linkedin.com/in/richardandringa",
        "foi_twitter": "",
        "foi_wikipedia": "",
        "foaf_workplaceHomepage": "https://www.vechtstromen.nl/bestuur/dagelijks-bestuur/richard-andringa/",
        "foi_party": "",
        "up_to_date": true
    },
    "S.H.M. Ornstein Vallei en Veluwe Dijkgraaf": {
        "foaf_name": "S.H.M. Ornstein",
        "foaf_function_type": "Dijkgraaf",
        "dc_publisher_name": "Vallei en Veluwe",
        "foaf_firstName": "",
        "foaf_lastName": "Ornstein",
        "foaf_initials": "S.H.M.",
        "website": "https://www.vallei-veluwe.nl",
        "foi_linkedin": "https://nl.linkedin.com/in/marijn-ornstein-26b86a",
        "foi_twitter": "",
        "foi_wikipedia": "",
        "foaf_workplaceHomepage": "https://www.vallei-veluwe.nl/over-ons/ons-bestuur/dagelijks-bestuur/marijn-ornstein/",
        "foi_party": "",
        "up_to_date": true
    },
    "K.A. Blokland Vallei en Veluwe Secretaris-directeur": {
        "foaf_name": "K.A. Blokland",
        "foaf_function_type": "Secretaris-directeur",
        "dc_publisher_name": "Vallei en Veluwe",
        "foaf_firstName": "Karl",
        "foaf_lastName": "Blokland",
        "foaf_initials": "K.A.",
        "website": "https://www.vallei-veluwe.nl",
        "foi_linkedin": "https://nl.linkedin.com/in/karl-blokland-05871814",
        "foi_twitter": "",
        "foi_wikipedia": "",
        "foaf_workplaceHomepage": "https://www.vallei-veluwe.nl/over-ons/ons-bestuur/dagelijks-bestuur/karl-blokland/",
        "foi_party": "",
        "up_to_date": true
    },
    "J.C.H. Haan Hoogheemraadschap De Stichtse Rijnlanden Dijkgraaf": {
        "foaf_name": "J.C.H. Haan",
        "foaf_function_type": "Dijkgraaf",
        "dc_publisher_name": "Hoogheemraadschap De Stichtse Rijnlanden",
        "foaf_firstName": "Jeroen",
        "foaf_lastName": "Haan",
        "foaf_initials": "J.C.H.",
        "website": "https://www.hdsr.nl",
        "foi_linkedin": "https://nl.linkedin.com/in/jeroen-haan-4180235",
        "foi_twitter": "https://twitter.com/jeroenhaan1",
        "foi_wikipedia": "https://nl.wikipedia.org/wiki/Jeroen_Haan",
        "foaf_workplaceHomepage": "https://www.hdsr.nl/overhdsr/bestuur/dagelijks-bestuur/dijkgraaf-jeroen/",
        "foi_party": "",
        "up_to_date": true
    },
    "J. Goedhart Hoogheemraadschap De Stichtse Rijnlanden Secretaris-directeur": {
        "foaf_name": "J. Goedhart",
        "foaf_function_type": "Secretaris-directeur",
        "dc_publisher_name": "Hoogheemraadschap De Stichtse Rijnlanden",
        "foaf_firstName": "Jan",
        "foaf_lastName": "Goedhart",
        "foaf_initials": "J.",
        "website": "https://www.hdsr.nl",
        "foi_linkedin": "https://nl.linkedin.com/in/jan-goedhart-54878716",
        "foi_twitter": "",
        "foi_wikipedia": "",
        "foaf_workplaceHomepage": "https://www.hdsr.nl/overhdsr/bestuur/dagelijks-bestuur/",
        "foi_party": "",
        "up_to_date": true
    },
    "A.J.B. van der Klugt Hoogheemraadschap van Schieland en de Krimpenerwaard Dijkgraaf": {
        "foaf_name": "A.J.B. van der Klugt",
        "foaf_function_type": "Dijkgraaf",
        "dc_publisher_name": "Hoogheemraadschap van Schieland en de Krimpenerwaard",
        "foaf_firstName": "",
        "foaf_lastName": "van der Klugt",
        "foaf_initials": "A.J.B.",
        "website": "https://www.schielandendekrimpenerwaard.nl",
        "foi_linkedin": "",
        "foi_twitter": "",
        "foi_wikipedia": "",
        "foaf_workplaceHomepage": "https://www.schielandendekrimpenerwaard.nl/over-ons/bestuur/wie-zitten-er-in-het-dagelijks-bestuur/",
        "foi_party": "",
        "up_to_date": true
    },
    "M.J.H. van Kuijk Hoogheemraadschap van Schieland en de Krimpenerwaard Secretaris-directeur": {
        "foaf_name": "M.J.H. van Kuijk",
        "foaf_function_type": "Secretaris-directeur",
        "dc_publisher_name": "Hoogheemraadschap van Schieland en de Krimpenerwaard",
        "foaf_firstName": "Miriam",
        "foaf_lastName": "van Kuijk",
        "foaf_initials": "M.J.H.",
        "website": "https://www.schielandendekrimpenerwaard.nl",
        "foi_linkedin": "https://nl.linkedin.com/in/miriamvankuijk",
        "foi_twitter": "",
        "foi_wikipedia": "",
        "foaf_workplaceHomepage": "https://www.schielandendekrimpenerwaard.nl/over-ons/bestuur/wie-zitten-er-in-het-dagelijks-bestuur/",
        "foi_party": "",
        "up_to_date": true
    },
    "Toine Poppelaars Scheldestromen Dijkgraaf": {
        "foaf_name": "Toine Poppelaars",
        "foaf_function_type": "Dijkgraaf",
        "dc_publisher_name": "Scheldestromen",
        "foaf_firstName": "Toine",
        "foaf_lastName": "Poppelaars",
        "foaf_initials": "A.J.G.",
        "website": "https://scheldestromen.nl",
        "foi_linkedin": "",
        "foi_twitter": "",
        "foi_wikipedia": "https://nl.wikipedia.org/wiki/Toine_Poppelaars",
        "foaf_workplaceHomepage": "https://scheldestromen.nl/dijkgraaf",
        "foi_party": "",
        "up_to_date": true
    },
    "J. Daane Scheldestromen Secretaris-directeur": {
        "foaf_name": "J. Daane",
        "foaf_function_type": "Secretaris-directeur",
        "dc_publisher_name": "Scheldestromen",
        "foaf_firstName": "Jordan",
        "foaf_lastName": "Daane",
        "foaf_initials": "J.",
        "website": "https://scheldestromen.nl",
        "foi_linkedin": "https://nl.linkedin.com/in/jordan-daane-8578a11a",
        "foi_twitter": "",
        "foi_wikipedia": "",
        "foaf_workplaceHomepage": "",
        "foi_party": "",
        "up_to_date": true
    },
    "J.C. Verdaas Rivierenland Dijkgraaf": {
        "foaf_name": "J.C. Verdaas",
        "foaf_function_type": "Dijkgraaf",
        "dc_publisher_name": "Rivierenland",
        "foaf_firstName": "",
        "foaf_lastName": "Verdaas",
        "foaf_initials": "J.C.",
        "website": "https://www.waterschaprivierenland.nl",
        "foi_linkedin": "https://nl.linkedin.com/in/co-verdaas-04a36b37",
        "foi_twitter": "",
        "foi_wikipedia": "https://nl.wikipedia.org/wiki/Co_Verdaas",
        "foaf_workplaceHomepage": "https://www.waterschaprivierenland.nl/dijkgraaf",
        "foi_party": "",
        "up_to_date": true
    },
    "Z.C. Vonk Rivierenland Secretaris-directeur": {
        "foaf_name": "Z.C. Vonk",
        "foaf_function_type": "Secretaris-directeur",
        "dc_publisher_name": "Rivierenland",
        "foaf_firstName": "",
        "foaf_lastName": "Vonk",
        "foaf_initials": "Z.C.",
        "website": "https://www.waterschaprivierenland.nl",
        "foi_linkedin": "https://nl.linkedin.com/in/kees-vonk-5a22058b",
        "foi_twitter": "",
        "foi_wikipedia": "",
        "foaf_workplaceHomepage": "https://www.waterschaprivierenland.nl/samenstelling-dagelijks-bestuur",
        "foi_party": "",
        "up_to_date": true
    },
    "R.A.M. van der Sande Hoogheemraadschap van Rijnland Dijkgraaf": {
        "foaf_name": "R.A.M. van der Sande",
        "foaf_function_type": "Dijkgraaf",
        "dc_publisher_name": "Hoogheemraadschap van Rijnland",
        "foaf_firstName": "Rogier",
        "foaf_lastName": "van der Sande",
        "foaf_initials": "R.A.M.",
        "website": "https://www.rijnland.net",
        "foi_linkedin": "https://nl.linkedin.com/in/rogier-van-der-sande-57436a1",
        "foi_twitter": "",
        "foi_wikipedia": "https://nl.wikipedia.org/wiki/Rogier_van_der_Sande",
        "foaf_workplaceHomepage": "https://www.rijnland.net/over-rijnland/bestuur/dagelijks-bestuur-dh/",
        "foi_party": "",
        "up_to_date": true
    },
    "M. Middendorp Hoogheemraadschap van Rijnland Secretaris - Algemeen directeur": {
        "foaf_name": "M. Middendorp",
        "foaf_function_type": "Secretaris - Algemeen directeur",
        "dc_publisher_name": "Hoogheemraadschap van Rijnland",
        "foaf_firstName": "Mariel",
        "foaf_lastName": "Middendorp",
        "foaf_initials": "M.",
        "website": "https://www.rijnland.net",
        "foi_linkedin": "https://nl.linkedin.com/in/marielmiddendorp",
        "foi_twitter": "",
        "foi_wikipedia": "",
        "foaf_workplaceHomepage": "https://www.rijnland.net/over-rijnland/bestuur/dagelijks-bestuur-dh/",
        "foi_party": "",
        "up_to_date": true
    },
    "Dirk-Siert Schoonman Drents Overijsselse Delta Dijkgraaf": {
        "foaf_name": "Dirk-Siert Schoonman",
        "foaf_function_type": "Dijkgraaf",
        "dc_publisher_name": "Drents Overijsselse Delta",
        "foaf_firstName": "Dirk-Siert",
        "foaf_lastName": "Schoonman",
        "foaf_initials": "D.S.",
        "website": "https://www.wdodelta.nl",
        "foi_linkedin": "https://nl.linkedin.com/in/dirk-siert-schoonman",
        "foi_twitter": "",
        "foi_wikipedia": "https://nl.wikipedia.org/wiki/Dirk-Siert_Schoonman",
        "foaf_workplaceHomepage": "https://www.wdodelta.nl/dirk-siert-schoonman-geinstalleerd-als-dijkgraaf-van-wdodelta",
        "foi_party": "",
        "up_to_date": true
    },
    "E. de Kruijk Drents Overijsselse Delta Secretaris-directeur": {
        "foaf_name": "E. de Kruijk",
        "foaf_function_type": "Secretaris-directeur",
        "dc_publisher_name": "Drents Overijsselse Delta",
        "foaf_firstName": "Eveline",
        "foaf_lastName": "de Kruijk",
        "foaf_initials": "E.",
        "website": "https://www.wdodelta.nl",
        "foi_linkedin": "https://nl.linkedin.com/in/eveline-de-kruijk-52bbbb20",
        "foi_twitter": "",
        "foi_wikipedia": "",
        "foaf_workplaceHomepage": "https://www.wdodelta.nl/els-van-grol-nieuwe-secretaris-directeur-waterschap-drents-overijsselse-delta",
        "foi_party": "",
        "up_to_date": true
    },
    "Odyl Zwienenberg-Jonkers Vechtstromen Woo-contactpersoon": {
        "foaf_name": "Odyl Zwienenberg-Jonkers",
        "foaf_function_type": "Woo-contactpersoon",
        "dc_publisher_name": "Vechtstromen",
        "foaf_firstName": "",
        "foaf_lastName": "",
        "foaf_initials": "",
        "website": "https://www.vechtstromen.nl",
        "foi_linkedin": "",
        "foi_twitter": "",
        "foi_wikipedia": "",
        "foaf_workplaceHomepage": "",
        "foi_party": "",
        "up_to_date": false
    },
    "Wil Mettes Vechtstromen Woo-contactpersoon": {
        "foaf_name": "Wil Mettes",
        "foaf_function_type": "Woo-contactpersoon",
        "dc_publisher_name": "Vechtstromen",
        "foaf_firstName": "",
        "foaf_lastName": "",
        "foaf_initials": "",
        "website": "https://www.vechtstromen.nl",
        "foi_linkedin": "",
        "foi_twitter": "",
        "foi_wikipedia": "",
        "foaf_workplaceHomepage": "",
        "foi_party": "",
        "up_to_date": false
    },
    "Administratief medewerker Hoogheemraadschap van Schieland en de Krimpenerwaard Woo-contactpersoon": {
        "foaf_name": "Administratief medewerker",
        "foaf_function_type": "Woo-contactpersoon",
        "dc_publisher_name": "Hoogheemraadschap van Schieland en de Krimpenerwaard",
        "foaf_firstName": "",
        "foaf_lastName": "",
        "foaf_initials": "",
        "website": "https://www.schielandendekrimpenerwaard.nl",
        "foi_linkedin": "",
        "foi_twitter": "",
        "foi_wikipedia": "",
        "foaf_workplaceHomepage": "",
        "foi_party": "",
        "up_to_date": false
    },
    "Woo-contactpersoon Hoogheemraadschap van Rijnland Woo-contactpersoon": {
        "foaf_name": "Woo-contactpersoon",
        "foaf_function_type": "Woo-contactpersoon",
        "dc_publisher_name": "Hoogheemraadschap van Rijnland",
        "foaf_firstName": "",
        "foaf_lastName": "",
        "foaf_initials": "",
        "website": "https://www.rijnland.net",
        "foi_linkedin": "",
        "foi_twitter": "",
        "foi_wikipedia": "",
        "foaf_workplaceHomepage": "",
        "foi_party": "",
        "up_to_date": false
    },
    "C. Roethof Hoogheemraadschap Hollands Noorderkwartier Woo-contactpersoon": {
        "foaf_name": "C. Roethof",
        "foaf_function_type": "Woo-contactpersoon",
        "dc_publisher_name": "Hoogheemraadschap Hollands Noorderkwartier",
        "foaf_firstName": "",
        "foaf_lastName": "Roethof",
        "foaf_initials": "C.",
        "website": "https://www.hhnk.nl",
        "foi_linkedin": "",
        "foi_twitter": "",
        "foi_wikipedia": "",
        "foaf_workplaceHomepage": "https://www.hhnk.nl/dagelijks-bestuur",
        "foi_party": "",
        "up_to_date": true
    },
    "Woo-contactpersoon Aa en Maas Woo-contactpersoon": {
        "foaf_name": "Woo-contactpersoon",
        "foaf_function_type": "Woo-contactpersoon",
        "dc_publisher_name": "Aa en Maas",
        "foaf_firstName": "",
        "foaf_lastName": "",
        "foaf_initials": "",
        "website": "https://www.aaenmaas.nl",
        "foi_linkedin": "",
        "foi_twitter": "",
        "foi_wikipedia": "",
        "foaf_workplaceHomepage": "",
        "foi_party": "",
        "up_to_date": false
    },
    "Roderick Moolenaars Vallei en Veluwe Woo-contactpersoon": {
        "foaf_name": "Roderick Moolenaars",
        "foaf_function_type": "Woo-contactpersoon",
        "dc_publisher_name": "Vallei en Veluwe",
        "foaf_firstName": "",
        "foaf_lastName": "",
        "foaf_initials": "",
        "website": "https://www.vallei-veluwe.nl",
        "foi_linkedin": "",
        "foi_twitter": "",
        "foi_wikipedia": "",
        "foaf_workplaceHomepage": "",
        "foi_party": "",
        "up_to_date": false
    },
    "Woo-contactpersoon Rivierenland Woo-contactpersoon": {
        "foaf_name": "Woo-contactpersoon",
        "foaf_function_type": "Woo-contactpersoon",
        "dc_publisher_name": "Rivierenland",
        "foaf_firstName": "",
        "foaf_lastName": "",
        "foaf_initials": "",
        "website": "https://www.waterschaprivierenland.nl",
        "foi_linkedin": "",
        "foi_twitter": "",
        "foi_wikipedia": "",
        "foaf_workplaceHomepage": "",
        "foi_party": "",
        "up_to_date": false
    }
}